index,molecule_chembl_id,canonical_smiles,standard_value,class
0,CHEMBL311039,CC12CCC(C1)C(C)(C)C2NS(=O)(=O)c1ccc(F)cc1,5000.0,intermediate
1,CHEMBL450926,CC12CC[C@@H](C1)C(C)(C)[C@@H]2NS(=O)(=O)c1cccs1,2700.0,intermediate
2,CHEMBL310242,CC12CC[C@@H](C1)C(C)(C)[C@@H]2NS(=O)(=O)c1ccc(F)cc1,1800.0,intermediate
3,CHEMBL74874,CC12CC[C@@H](C1)C(C)(C)[C@@H]2NS(=O)(=O)c1ccc(Cl)cc1,11000.0,inactive
4,CHEMBL75183,CC12CC[C@@H](C1)C(C)(C)[C@@H]2NS(=O)(=O)c1ccc(Br)cc1,10000.0,inactive
5,CHEMBL563,CC(C(=O)O)c1ccc(-c2ccccc2)c(F)c1,305000.0,inactive
6,CHEMBL196279,CC(C(=O)O)c1ccc(-c2ccc(Cl)c(Cl)c2)c(F)c1,75000.0,inactive
8,CHEMBL195970,CC(C(=O)O)c1ccc(-c2cc(Cl)cc(Cl)c2)c(F)c1,77000.0,inactive
13,CHEMBL264006,CC(C(=O)O)c1ccc(-c2ccc(C3CCCCC3)cc2)c(F)c1,21000.0,inactive
16,CHEMBL193971,CC(C(=O)O)c1ccc(-c2ccc(C(F)(F)F)cc2)c(F)c1,129000.0,inactive
19,CHEMBL194274,CC(C(=O)O)c1ccc(-c2csc3ccccc23)c(F)c1,83000.0,inactive
23,CHEMBL196321,COc1ccc(-c2ccc(C(C)C(=O)O)cc2F)cc1,67000.0,inactive
25,CHEMBL196322,CC(C(=O)O)c1ccc(-c2ccc3c(c2)OCO3)c(F)c1,210000.0,inactive
27,CHEMBL380778,CC(C(=O)O)c1ccc(-c2ccc(OC3CCCCC3)cc2)c(F)c1,41000.0,inactive
28,CHEMBL197202,CC(C(=O)O)c1ccc(-c2ccc(-c3ccc(O)cc3)cc2)c(F)c1,35000.0,inactive
33,CHEMBL194760,O=C(O)C1(c2ccc(-c3ccccc3)c(F)c2)CC1,-1.0,active
34,CHEMBL196246,O=C(O)C1(c2ccc(-c3ccc(C(F)(F)F)cc3)c(F)c2)CC1,111000.0,inactive
36,CHEMBL196945,O=C(O)C1(c2ccc(-c3ccc(Cl)c(Cl)c3)c(F)c2)CC1,41000.0,inactive
38,CHEMBL196946,O=C(O)C1(c2ccc(-c3csc4ccccc34)c(F)c2)CC1,96300.0,inactive
40,CHEMBL372751,CC1(C)CCC(c2ccc(-c3ccc(C4(C(=O)O)CC4)cc3F)cc2)CC1,46000.0,inactive
44,CHEMBL194692,CC(C)(C(=O)O)c1ccc(-c2ccc(C(F)(F)F)cc2)c(F)c1,70600.0,inactive
49,CHEMBL196947,O=C(O)C1(c2ccc(-c3ccc(-c4ccc(O)cc4)cc3)c(F)c2)CC1,31600.0,inactive
51,CHEMBL372846,O=C(O)C1(c2ccc(-c3ccc(-c4ccc(O)cc4)c(F)c3)c(F)c2)CC1,33600.0,inactive
53,CHEMBL427548,O=C(O)C1(c2ccc(-c3ccc(-c4ccc(F)cc4)c(F)c3)c(F)c2)CC1,57900.0,inactive
54,CHEMBL197140,CC1(C)CC(Oc2ccc(-c3ccc(C4(C(=O)O)CC4)cc3F)cc2)CC(C)(C)C1,11000.0,inactive
57,CHEMBL382721,O=C(O)C1(c2ccc(-c3ccc(OC4CCOCC4)cc3)c(F)c2)CC1,81000.0,inactive
59,CHEMBL436483,O=C(O)C1(c2ccc(-c3ccc(OC4CCC(C(F)(F)F)CC4)cc3)c(F)c2)CC1,17700.0,inactive
60,CHEMBL196070,CC(c1ccc(-c2ccc(C(F)(F)F)cc2)c(F)c1)c1nnn[nH]1,114000.0,inactive
67,CHEMBL193900,CC(C(N)=O)c1ccc(-c2cc(Cl)cc(Cl)c2)c(F)c1,64000.0,inactive
69,CHEMBL194020,CC(C(=O)OC(C)(C)C)c1ccc(-c2cc(Cl)cc(Cl)c2)c(F)c1,20000.0,inactive
71,CHEMBL190083,C[C@@H](C(=O)O)c1ccc(-c2ccccc2)c(F)c1,280000.0,inactive
72,CHEMBL200116,CCCN(CCC)C(=O)c1cccc(C(=O)N[C@@H](CC(C)C)[C@@H](O)C[C@@H](C)C(=O)N[C@H](C(=O)NCc2ccccc2)C(C)C)c1,6700.0,intermediate
73,CHEMBL199946,CCCN(CCC)C(=O)c1cccc(C(=O)N[C@@H](Cc2ccccc2)[C@@H](N)C[C@@H](C)C(=O)N[C@H](C(=O)NCc2ccccc2)C(C)C)c1,5.2,active
74,CHEMBL202877,CCCN(CCC)C(=O)c1cccc(C(=O)N[C@@H](CC(C)C)[C@@H](N)C[C@@H](C)C(=O)Nc2ccc(F)cc2)c1,6000.0,intermediate
75,CHEMBL425031,CCCN(CCC)C(=O)c1cccc(C(=O)N[C@@H](CC(C)C)[C@@H](O)C[C@@H](C)C(=O)Nc2ccc(F)cc2)c1,20000.0,inactive
76,CHEMBL200014,CCCN(CCC)C(=O)c1cccc(C(=O)N[C@@H](CC(C)C)[C@H](N)C[C@@H](C)C(=O)N[C@H](C(=O)NCc2ccccc2)C(C)C)c1,9900.0,intermediate
77,CHEMBL202507,CCCN(CCC)C(=O)c1cccc(C(=O)N[C@@H](CC(C)C)[C@@H](N)C[C@@H](C)C(=O)N[C@H](C(=O)NCc2ccccc2)C(C)C)c1,740.0,active
78,CHEMBL200077,CCCN(CCC)C(=O)c1cccc(C(=O)N[C@@H](Cc2ccccc2)[C@@H](N)C[C@@H](C)C(=O)Nc2ccc(F)cc2)c1,180.0,active
79,CHEMBL204357,CCC[C@H](C(=O)NO)[C@@H](CC(C)C)C(=O)N[C@H]1CCCCN(Cc2cccc(Oc3ccccc3)c2)C1=O,200.0,active
80,CHEMBL206766,CCC[C@H](C(=O)NO)[C@@H](CC(C)C)C(=O)N[C@H]1CCCCN(Cc2ccccc2)C1=O,6800.0,intermediate
81,CHEMBL204443,CCC[C@H](C(=O)NC/C=C/Cc1ccccc1)[C@@H](CC(C)C)C(=O)N[C@H]1CCCCN(Cc2cccc(Oc3ccccc3)c2)C1=O,3000.0,intermediate
82,CHEMBL381336,CCC[C@H](C(=O)NC1CCCC1)[C@@H](CC(C)C)C(=O)N[C@H]1CCCCN(Cc2cccc(Oc3ccccc3)c2)C1=O,6000.0,intermediate
83,CHEMBL205400,CCC[C@H](C(=O)NCc1ccco1)[C@@H](CC(C)C)C(=O)N[C@H]1CCCCN(Cc2cccc(Oc3ccccc3)c2)C1=O,3000.0,intermediate
84,CHEMBL205714,CCCCNC(=O)[C@@H](CCC)[C@@H](CC(C)C)C(=O)N[C@H]1CCCCN(Cc2cccc(Oc3ccccc3)c2)C1=O,5000.0,intermediate
85,CHEMBL208230,CCC[C@H](C(N)=O)[C@@H](CC(C)C)C(=O)N[C@H]1CCCCN(Cc2cccc(NN3CCCCC3)c2)C1=O,74.0,active
86,CHEMBL424684,CCC[C@H](C(N)=O)[C@@H](CC(C)C)C(=O)N[C@H]1CCCCN(Cc2cccc(Nc3ccc(C(F)(F)F)cc3)c2)C1=O,30.0,active
87,CHEMBL274414,CCC[C@H](C(N)=O)[C@@H](CC(C)C)C(=O)N[C@H]1CCCCN(Cc2cccc(Nc3ccc(OC)cc3)c2)C1=O,160.0,active
88,CHEMBL208504,CCC[C@H](C(N)=O)[C@@H](CC(C)C)C(=O)N[C@H]1CCCCN(Cc2cccc(Nc3ccc(F)c(Cl)c3)c2)C1=O,17.0,active
89,CHEMBL205970,CCC[C@H](C(N)=O)[C@@H](CC(C)C)C(=O)N[C@H]1CCCCN(Cc2cccc(Nc3ccc4c(c3)OCO4)c2)C1=O,152.0,active
90,CHEMBL410532,CCC[C@H](C(N)=O)[C@@H](CC(C)C)C(=O)N[C@H]1CCCCN(Cc2cccc(Nc3cccc(OC)c3)c2)C1=O,54.0,active
91,CHEMBL208350,CCC[C@H](C(N)=O)[C@@H](CC(C)C)C(=O)N[C@H]1CCCCN(Cc2cccc(Nc3cccc(C)c3)c2)C1=O,17.0,active
92,CHEMBL382880,CCC[C@H](C(N)=O)[C@@H](CC(C)C)C(=O)N[C@H]1CCCCN(Cc2cccc(Nc3ccccc3Cl)c2)C1=O,29.0,active
93,CHEMBL205907,CCC[C@H](C(N)=O)[C@@H](CC(C)C)C(=O)N[C@H]1CCCCN(Cc2cccc(Nc3ccccc3)c2)C1=O,15.0,active
94,CHEMBL231446,CN1CCCC1CCNC(=O)OCCC1CCc2ccccc2N1S(=O)(=O)c1ccc(Cl)cc1,530.0,active
95,CHEMBL396543,O=C(OC[C@H]1CCC[C@@H](c2ccccc2)N1S(=O)(=O)c1ccc(Cl)cc1)N1CCC(N2CCCCC2)CC1,16.0,active
96,CHEMBL231548,O=C(OC[C@H]1CC[C@@H](c2ccccc2)N1S(=O)(=O)c1ccc(Cl)cc1)N1CCC(N2CCCCC2)CC1,180.0,active
97,CHEMBL231547,O=C(NC1CCN(Cc2ccccc2)CC1)OC[C@H]1CC[C@@H](c2ccccc2)N1S(=O)(=O)c1ccc(Cl)cc1,140.0,active
98,CHEMBL231449,O=C(OC[C@H]1CC[C@@H](c2ccccc2)N1S(=O)(=O)c1ccc(Cl)cc1)N1CCN(C2CCCCC2)CC1,120.0,active
99,CHEMBL231448,O=C(OC[C@H]1CC[C@@H](c2ccccc2)N1S(=O)(=O)c1ccc(Cl)cc1)N1CCN(CCO)CC1,540.0,active
100,CHEMBL396542,CN1CCN(C(=O)OC[C@H]2CC[C@@H](c3ccccc3)N2S(=O)(=O)c2ccc(Cl)cc2)CC1,450.0,active
101,CHEMBL231351,O=C(NCCCn1ccnc1)OC[C@H]1CC[C@@H](c2ccccc2)N1S(=O)(=O)c1ccc(Cl)cc1,650.0,active
102,CHEMBL395313,CN1CCCC1CCNC(=O)OC[C@H]1CC[C@@H](c2ccccc2)N1S(=O)(=O)c1ccc(Cl)cc1,600.0,active
103,CHEMBL231250,O=C(OCC1CCc2ccccc2N1S(=O)(=O)c1ccc(Cl)cc1)N1CCC(N2CCCCC2)CC1,73.0,active
104,CHEMBL231248,O=C(OCCCC1CCc2ccccc2N1S(=O)(=O)c1ccc(Cl)cc1)N1CCC(N2CCCCC2)CC1,60.0,active
105,CHEMBL395312,O=C(OCCC1CCc2ccccc2N1S(=O)(=O)c1ccc(Cl)cc1)N1CCC(N2CCCCC2)CC1,360.0,active
106,CHEMBL390889,O=C(NC1CCN(Cc2ccccc2)CC1)OCCCC1CCc2ccccc2N1S(=O)(=O)c1ccc(Cl)cc1,190.0,active
107,CHEMBL231647,O=C(NC1CCN(Cc2ccccc2)CC1)OCCC1CCc2ccccc2N1S(=O)(=O)c1ccc(Cl)cc1,900.0,active
108,CHEMBL231545,O=C(OCCCC1CCc2ccccc2N1S(=O)(=O)c1ccc(Cl)cc1)N1CCN(C2CCCCC2)CC1,180.0,active
109,CHEMBL231035,O=C(OCCC1CCc2ccccc2N1S(=O)(=O)c1ccc(Cl)cc1)N1CCN(C2CCCCC2)CC1,1000.0,active
110,CHEMBL230931,O=C(OCCCC1CCc2ccccc2N1S(=O)(=O)c1ccc(Cl)cc1)N1CCN(CCO)CC1,680.0,active
111,CHEMBL425304,O=C(OCCC1CCc2ccccc2N1S(=O)(=O)c1ccc(Cl)cc1)N1CCN(CCO)CC1,880.0,active
112,CHEMBL231125,CN1CCN(C(=O)OCCCC2CCc3ccccc3N2S(=O)(=O)c2ccc(Cl)cc2)CC1,780.0,active
113,CHEMBL390478,CN1CCN(C(=O)OCCC2CCc3ccccc3N2S(=O)(=O)c2ccc(Cl)cc2)CC1,1900.0,intermediate
114,CHEMBL231544,O=C(NCCCn1ccnc1)OCCCC1CCc2ccccc2N1S(=O)(=O)c1ccc(Cl)cc1,86.0,active
115,CHEMBL389549,O=C(NCCCn1ccnc1)OCCC1CCc2ccccc2N1S(=O)(=O)c1ccc(Cl)cc1,280.0,active
116,CHEMBL231447,CN1CCCC1CCNC(=O)OCCCC1CCc2ccccc2N1S(=O)(=O)c1ccc(Cl)cc1,220.0,active
117,CHEMBL240055,O=C(OC1([C@H]2CCC[C@@H](c3cc(F)cc(F)c3)N2S(=O)(=O)c2ccc(Cl)cc2)CC1)N1CCC(N2CCCCC2)CC1,0.3,active
118,CHEMBL240286,CC[C@@H]1CCC[C@H](C2(OC(=O)N3CC[C@@H](O)C3)CC2)N1S(=O)(=O)c1ccc(Cl)cc1,56.0,active
119,CHEMBL240285,CCC[C@@H]1CCC[C@H](C2(OC(=O)N3CC[C@@H](O)C3)CC2)N1S(=O)(=O)c1ccc(Cl)cc1,47.0,active
120,CHEMBL398395,O=C(OC1([C@H]2CCC[C@@H](C3CC3)N2S(=O)(=O)c2ccc(Cl)cc2)CC1)N1CC[C@@H](O)C1,46.0,active
121,CHEMBL240284,O=C(OC1([C@H]2CCC[C@@H](c3cc(F)cc(F)c3)N2S(=O)(=O)c2ccc(Cl)cc2)CC1)N1CC[C@@H](O)C1,17.0,active
122,CHEMBL240071,O=C(OC1([C@H]2CCC[C@@H](CC(F)(F)F)N2S(=O)(=O)c2ccc(Cl)cc2)CC1)N1CCN(CCO)CC1,14.0,active
123,CHEMBL240070,CC[C@@H]1CCC[C@H](C2(OC(=O)N3CCN(CCO)CC3)CC2)N1S(=O)(=O)c1ccc(Cl)cc1,12.0,active
124,CHEMBL240069,O=C(OC1([C@H]2CCC[C@@H](C3CC3)N2S(=O)(=O)c2ccc(Cl)cc2)CC1)N1CCN(CCO)CC1,27.0,active
125,CHEMBL442801,O=C(OC1([C@H]2CCC[C@@H](CC(F)(F)F)N2S(=O)(=O)c2ccc(Cl)cc2)CC1)N1CCC(N2CCCCC2)CC1,3.5,active
126,CHEMBL239859,CC[C@@H]1CCC[C@H](C2(OC(=O)N3CCC(N4CCCCC4)CC3)CC2)N1S(=O)(=O)c1ccc(Cl)cc1,3.5,active
127,CHEMBL239858,CCC[C@@H]1CCC[C@H](C2(OC(=O)N3CCC(N4CCCCC4)CC3)CC2)N1S(=O)(=O)c1ccc(Cl)cc1,2.5,active
128,CHEMBL400420,O=C(OC1([C@H]2CCC[C@@H](C3CC3)N2S(=O)(=O)c2ccc(Cl)cc2)CC1)N1CCC(N2CCCCC2)CC1,2.8,active
129,CHEMBL239629,O=C(OC1([C@H]2CCC[C@@H](c3cc(F)cc(F)c3)N2S(=O)(=O)c2ccc(Cl)cc2)CC1)N1CCN(CCO)CC1,2.4,active
130,CHEMBL393941,CC(C)(CO)N1CCN(C(=O)OC2([C@H]3CCC[C@@H](C4CC4)N3S(=O)(=O)c3ccc(Cl)cc3)CC2)CC1,12.0,active
131,CHEMBL236192,O=C(OC1([C@H]2CCC[C@@H](C3CC3)N2S(=O)(=O)c2ccc(Cl)cc2)CC1)N1CCN(CCCO)CC1,16.0,active
132,CHEMBL429448,CC[C@@H]1CCC[C@H](C2(OC(=O)N3CCC(N4CCCCC4)CC3)CC2)N1S(=O)(=O)c1cc(F)cc(F)c1,29.0,active
133,CHEMBL236191,CC[C@@H]1CCC[C@H](C2(OC(=O)N3CCN(C(C)(C)CO)CC3)CC2)N1S(=O)(=O)c1cc(F)cc(F)c1,81.0,active
134,CHEMBL236190,CC[C@@H]1CCC[C@H](C2(OC(=O)N3CCC(N4CCCCC4)CC3)CC2)N1S(=O)(=O)c1ccc(F)c(F)c1,6.9,active
135,CHEMBL236189,CC[C@@H]1CCC[C@H](C2(OC(=O)N3CC4CCC(C3)N4CCO)CC2)N1S(=O)(=O)c1ccc(F)c(F)c1,27.0,active
136,CHEMBL236188,CC[C@@H]1CCC[C@H](C2(OC(=O)N3CCN(C(C)(C)CO)CC3)CC2)N1S(=O)(=O)c1ccc(F)c(F)c1,9.6,active
137,CHEMBL236187,CC[C@@H]1CCC[C@H](C2(OC(=O)N3CCC(N4CCCCC4)CC3)CC2)N1S(=O)(=O)c1ccc(F)cc1,16.0,active
138,CHEMBL236186,CC[C@@H]1CCC[C@H](C2(OC(=O)N3CC4CCC(C3)N4CCO)CC2)N1S(=O)(=O)c1ccc(F)cc1,25.0,active
139,CHEMBL236185,CC[C@@H]1CCC[C@H](C2(OC(=O)N3CCN(C(C)(C)CO)CC3)CC2)N1S(=O)(=O)c1ccc(F)cc1,10.0,active
140,CHEMBL392060,CC[C@@H]1CCC[C@H](C2(OC(=O)N3CC4CCC(C3)N4CCO)CC2)N1S(=O)(=O)c1ccc(Cl)cc1,3.5,active
141,CHEMBL236184,CC[C@@H]1CCC[C@H](C2(OC(=O)N3CCN(C(C)(C)CO)CC3)CC2)N1S(=O)(=O)c1ccc(Cl)cc1,6.9,active
142,CHEMBL236183,CC[C@@H]1CCC[C@H](C2(OC(=O)N3CCN(CCCO)CC3)CC2)N1S(=O)(=O)c1ccc(Cl)cc1,17.0,active
143,CHEMBL392059,CC[C@@H]1CCC[C@H](C2(OC(=O)N3CCN(CCO)C[C@@H]3C)CC2)N1S(=O)(=O)c1ccc(Cl)cc1,12.0,active
144,CHEMBL236182,CC[C@@H]1CCC[C@H](C2(OC(=O)N3CCN(CCO)[C@@H](C)C3)CC2)N1S(=O)(=O)c1ccc(Cl)cc1,13.0,active
145,CHEMBL394132,CC[C@@H]1CCC[C@H](C2(OC(=O)N3CCC(CCO)(OC)CC3)CC2)N1S(=O)(=O)c1ccc(Cl)cc1,9.0,active
146,CHEMBL238271,CCCC1(O)CCN(C(=O)OC2([C@H]3CCC[C@@H](CC)N3S(=O)(=O)c3ccc(Cl)cc3)CC2)C1,28.0,active
147,CHEMBL392144,CC[C@@H]1CCC[C@H](C2(OC(=O)N3CCC(O)(CC)CC3)CC2)N1S(=O)(=O)c1ccc(Cl)cc1,3.2,active
148,CHEMBL236196,CCC1(O)CCN(C(=O)O[C@H]2CCC3CCCC2N3S(=O)(=O)c2ccc(Cl)cc2)CC1,104.0,active
149,CHEMBL429449,CC(C)(CO)N1CCN(C(=O)O[C@H]2CCC3CCCC2N3S(=O)(=O)c2ccc(Cl)cc2)CC1,57.0,active
150,CHEMBL236195,O=C(O[C@@H]1CCC2CCCC1N2S(=O)(=O)c1ccc(Cl)cc1)N1CCC(N2CCCCC2)CC1,2425.0,intermediate
151,CHEMBL236193,O=C(O[C@H]1CCC2CCCC1N2S(=O)(=O)c1ccc(Cl)cc1)N1CCC(N2CCCCC2)CC1,15.0,active
167,CHEMBL392878,COc1ccc(/C=C/c2cccc(/C=C/c3ccc(OC)c(N)c3)n2)cc1N,600.0,active
168,CHEMBL418455,O=C(O)c1cc(/C=C/c2ccc(/C=C/c3ccc(O)c(C(=O)O)c3)c(I)c2)ccc1O,8000.0,intermediate
169,CHEMBL81880,CN(C)c1ccc2cc3ccc(N(C)C)cc3nc2c1,600.0,active
170,CHEMBL116438,COc1cc(/C=C/C(=O)/C=C(O)/C=C/c2ccc(O)c(OC)c2)ccc1O,800.0,active
171,CHEMBL245688,COc1cc(/C=C/c2cc(Br)cc(/C=C/c3ccc(O)c(OC)c3)c2)ccc1O,100.0,active
172,CHEMBL245479,CN(C)c1ccc(/C=C/c2cc(I)cc(/C=C/c3ccc(N(C)C)cc3)c2)cc1,20000.0,inactive
173,CHEMBL245478,CN(C)c1ccc(/C=C/c2cc(Br)cc(/C=C/c3ccc(N(C)C)cc3)c2)cc1,20000.0,inactive
174,CHEMBL245477,CN(C)c1ccc(/C=C/c2cccc(/C=C/c3ccc(N(C)C)cc3)c2)cc1,20000.0,inactive
175,CHEMBL245476,COc1ccc(/C=C/c2cc(Br)cc(/C=C/c3ccc(OC)c(OC)c3)c2)cc1OC,20000.0,inactive
176,CHEMBL396917,COc1cc(/C=C/c2cc(Br)cc(/C=C/c3ccc(N)c(OC)c3)c2)ccc1N,1800.0,intermediate
177,CHEMBL248339,COc1cc(/C=C/c2cccc(/C=C/c3ccc(N4CCCC4)c(OC)c3)c2)ccc1N1CCCC1,20000.0,inactive
178,CHEMBL248338,CN(C)c1cc(/C=C/c2cccc(/C=C/c3ccc(O)c(N(C)C)c3)c2)ccc1O,2700.0,intermediate
179,CHEMBL248337,COc1ccc(/C=C/c2cccc(/C=C/c3ccc(OC)c(N(C)C)c3)c2)cc1N(C)C,1100.0,intermediate
180,CHEMBL248133,CNc1cc(/C=C/c2cccc(/C=C/c3ccc(OC)c(NC)c3)c2)ccc1OC,1300.0,intermediate
181,CHEMBL248132,COc1ccc(/C=C/c2cccc(/C=C/c3ccc(OC)c(N)c3)c2)cc1N,300.0,active
182,CHEMBL248131,CN(C)c1ccc(/C=C/c2cccc(/C=C/c3ccc(N(C)C)c(O)c3)c2)cc1O,700.0,active
183,CHEMBL247932,COc1cc(/C=C/c2cccc(/C=C/c3ccc(N(C)C)c(OC)c3)c2)ccc1N(C)C,1000.0,active
184,CHEMBL247931,CNc1ccc(/C=C/c2cccc(/C=C/c3ccc(NC)c(OC)c3)c2)cc1OC,600.0,active
185,CHEMBL247930,COc1cc(/C=C/c2cccc(/C=C/c3ccc(N)c(OC)c3)c2)ccc1N,600.0,active
186,CHEMBL247728,COc1cc(/C=C/c2cc(N(C)C)cc(/C=C/c3ccc(O)c(OC)c3)n2)ccc1O,1900.0,intermediate
187,CHEMBL247727,COc1cc(/C=C/c2cc(C)cc(/C=C/c3ccc(O)c(OC)c3)n2)ccc1O,1400.0,intermediate
188,CHEMBL247726,COc1cc(/C=C/c2ccc(O)c(OC)c2)nc(/C=C/c2ccc(O)c(OC)c2)c1,1700.0,intermediate
189,CHEMBL247530,COc1cc(/C=C/c2cc(Cl)cc(/C=C/c3ccc(O)c(OC)c3)n2)ccc1O,1100.0,intermediate
190,CHEMBL427878,COc1cc(/C=C/c2cc(Br)cc(/C=C/c3ccc(O)c(OC)c3)n2)ccc1O,1100.0,intermediate
191,CHEMBL247328,COc1cc(/C=C/c2cccc(/C=C/c3ccc(O)c(OC)c3)n2)ccc1O,800.0,active
192,CHEMBL247929,COc1cc(/C=C/c2cc(Br)cc(/C=C/c3ccc(N)c(OC)c3)n2)ccc1N,1100.0,intermediate
193,CHEMBL247927,CN(C)c1ccc(/C=C/c2cccc(/C=C/c3ccc(N(C)C)c(O)c3)n2)cc1O,900.0,active
194,CHEMBL391205,COc1cc(/C=C/c2cccc(/C=C/c3ccc(N(C)C)c(OC)c3)n2)ccc1N(C)C,800.0,active
195,CHEMBL247725,CNc1ccc(/C=C/c2cccc(/C=C/c3ccc(NC)c(O)c3)n2)cc1O,900.0,active
196,CHEMBL247674,CNc1ccc(/C=C/c2cccc(/C=C/c3ccc(NC)c(OC)c3)n2)cc1OC,500.0,active
197,CHEMBL247524,COc1cc(/C=C/c2cccc(/C=C/c3ccc(N)c(OC)c3)n2)ccc1N,700.0,active
198,CHEMBL427877,CN(C)c1cc(/C=C/c2cccc(/C=C/c3ccc(O)c(N(C)C)c3)n2)ccc1O,2300.0,intermediate
199,CHEMBL394713,COc1ccc(/C=C/c2cccc(/C=C/c3ccc(OC)c(N(C)C)c3)n2)cc1N(C)C,900.0,active
200,CHEMBL248327,CNc1cc(/C=C/c2cccc(/C=C/c3ccc(O)c(NC)c3)n2)ccc1O,500.0,active
201,CHEMBL248122,CNc1cc(/C=C/c2cccc(/C=C/c3ccc(OC)c(NC)c3)n2)ccc1OC,1100.0,intermediate
202,CHEMBL450553,CCN(CCCCCCn1c(=O)c2ccc3c(=O)n(CCCCCCN(CC)Cc4ccccc4OC)c(=O)c4ccc(c1=O)c2c34)Cc1ccccc1OC,9690.0,intermediate
203,CHEMBL492216,CN(C)c1ccc(/C=C/c2cc3ccccc3o2)cc1,2300.0,intermediate
204,CHEMBL492217,COc1ccc2oc(/C=C/c3ccc(N(C)C)cc3)cc2c1,810.0,active
205,CHEMBL491203,CN(C)c1ccc(/C=C/c2cc3cc(O)ccc3o2)cc1,160.0,active
206,CHEMBL509088,Cc1ccc2oc(/C=C/c3ccc(N(C)C)cc3)cc2c1,130.0,active
207,CHEMBL489978,CN(C)c1ccc(/C=C/c2cc3cc(F)ccc3o2)cc1,1980.0,intermediate
208,CHEMBL446870,CN(C)c1ccc(/C=C/c2cc3cc(Cl)ccc3o2)cc1,200.0,active
209,CHEMBL489979,CN(C)c1ccc(/C=C/c2cc3cc(Br)ccc3o2)cc1,470.0,active
210,CHEMBL524114,CN(C)c1ccc(/C=C/c2cc3cc(I)ccc3o2)cc1,170.0,active
211,CHEMBL524141,COc1ccc2cc(/C=C/c3ccc(N(C)C)cc3)oc2c1,70.0,active
212,CHEMBL443097,CN(C)c1ccc(/C=C/c2cc3ccc(O)cc3o2)cc1,3620.0,intermediate
213,CHEMBL491406,Cc1ccc2cc(/C=C/c3ccc(N(C)C)cc3)oc2c1,3440.0,intermediate
214,CHEMBL491407,CN(C)c1ccc(/C=C/c2cc3ccc(F)cc3o2)cc1,2190.0,intermediate
215,CHEMBL490798,CN(C)c1ccc(/C=C/c2cc3ccc(Cl)cc3o2)cc1,3210.0,intermediate
216,CHEMBL490799,CN(C)c1ccc(/C=C/c2cc3ccc(Br)cc3o2)cc1,1340.0,intermediate
217,CHEMBL492023,CN(C)c1ccc(/C=C/c2cc3ccc(I)cc3o2)cc1,2800.0,intermediate
218,CHEMBL492024,COc1ccc2oc(/C=C/c3ccc(N)cc3)cc2c1,820.0,active
219,CHEMBL523824,CNc1ccc(/C=C/c2cc3cc(OC)ccc3o2)cc1,80.0,active
220,CHEMBL444393,Cl.Nc1ccc(/C=C/c2cc3cc(O)ccc3o2)cc1,2950.0,intermediate
221,CHEMBL490808,CNc1ccc(/C=C/c2cc3cc(O)ccc3o2)cc1.Cl,2160.0,intermediate
222,CHEMBL490806,COc1ccc2cc(/C=C/c3ccc(N)cc3)oc2c1,5440.0,intermediate
223,CHEMBL489994,CNc1ccc(/C=C/c2cc3ccc(OC)cc3o2)cc1,800.0,active
224,CHEMBL489792,COc1ccc2oc(/C=C/c3ccc(N(C)C)c(OC)c3)cc2c1,160.0,active
225,CHEMBL521929,COc1ccc2cc(/C=C/c3ccc(N(C)C)c(OC)c3)oc2c1,530.0,active
228,CHEMBL515387,O=C([C@@H]1C[C@H](N2CCN(c3ncccn3)CC2)CN1)N1CCC(F)(F)C1,30000.0,inactive
229,CHEMBL1788111,[3H]N(c1ccc(-c2nc3ccc(O)cc3s2)cc1)C([3H])([3H])[3H],27.0,active
230,CHEMBL1788121,[3H]N(c1ccc(-c2nc3ccc(O)cc3s2)cn1)C([3H])([3H])[3H],58.0,active
231,CHEMBL1744459,[3H]N(c1ccc(-c2nc3ccc(OC)cc3s2)cn1)C([3H])([3H])[3H],58.0,active
232,CHEMBL1744460,[3H]C([3H])([3H])N(c1ccc(-c2nc3ccc(O)cc3s2)cn1)C([3H])([3H])[3H],19.0,active
233,CHEMBL1082545,COc1ccc2nc(-c3ccc(N(C)C)nc3)sc2c1,81.0,active
234,CHEMBL1082546,CNc1ccc(-c2nc3cc(O)ccc3s2)cn1,74.0,active
235,CHEMBL1088617,CN(C)c1ncc(-c2nc3ccc(O)cc3s2)cn1,41.0,active
236,CHEMBL1077196,CNc1ncc(-c2nc3ccc(O)cc3s2)cn1,267.0,active
237,CHEMBL1087548,CNc1ccc(-c2nc3ccc(C(N)=O)cc3s2)cn1,85.0,active
238,CHEMBL1077208,CNc1ccc2nc(-c3ccc(C(N)=O)nc3)sc2c1,35.0,active
239,CHEMBL1744461,[3H]N(c1ccc(-c2nc3ccc(O)cc3o2)cn1)C([3H])([3H])[3H],182.0,active
240,CHEMBL1744462,[3H]C([3H])([3H])N(c1ccc(-c2nc3ccc(OC)cc3o2)cn1)C([3H])([3H])[3H],204.0,active
241,CHEMBL1082889,CNc1ccc(-c2nc3ccc(OC)cc3o2)cn1,185.0,active
242,CHEMBL1744463,[3H]C([3H])([3H])N(c1ccc(-c2nc3ccc(O)cc3o2)cn1)C([3H])([3H])[3H],85.0,active
243,CHEMBL1083207,CN(C)c1ccc(-c2nc3cc(O)ccc3o2)cn1,137.0,active
244,CHEMBL1744464,[3H]C([3H])([3H])N(c1ncc(-c2nc3ccc(O)cc3o2)cn1)C([3H])([3H])[3H],75.0,active
245,CHEMBL1084943,CNc1ccc(-c2cc3ccc(O)cc3o2)cn1,45.0,active
246,CHEMBL1084944,CNc1ccc(-c2cc3ccc(OC)cc3o2)cn1,66.0,active
247,CHEMBL1084945,COc1ccc2cc(-c3ccc(C(N)=O)nc3)oc2c1,60.0,active
248,CHEMBL1084946,COc1ccc2cc(-c3ccc(C(N)=O)cn3)oc2c1,33.0,active
249,CHEMBL93124,CNc1ccc(-c2nc3ccc(O)cc3s2)cc1,19.0,active
250,CHEMBL570378,CNc1ccc(-c2nc3ccc(O)cc3s2)cn1,22.0,active
251,CHEMBL2048299,Oc1ccc2nc(-c3ccc(NCCF)nc3)oc2c1,158.0,active
252,CHEMBL2048300,COc1ccc2nc(-c3ccc(NCCF)nc3)oc2c1,35.0,active
253,CHEMBL2048301,Oc1ccc2nc(-c3ccc(NCCCF)nc3)oc2c1,395.0,active
254,CHEMBL2048302,Oc1ccc2nc(-c3ccc(NCCF)nc3)sc2c1,33.0,active
255,CHEMBL2048303,Oc1ccc2nc(-c3ccc(NCCCF)nc3)sc2c1,66.0,active
256,CHEMBL579205,CNc1ccc(-c2nc3ccc(O)cc3s2)cc1F,24.0,active
257,CHEMBL2048304,CNc1ccc(-c2nc3ccc(O)cc3s2)nc1F,44.0,active
258,CHEMBL2048305,CNc1ccc(-c2nc3ccc(OC)cc3s2)c(F)n1,14.0,active
259,CHEMBL2048306,CNc1ccc(-c2nc3ccc(O)cc3s2)c(F)n1,124.0,active
260,CHEMBL2048307,CNc1ncc(-c2nc3ccc(O)cc3s2)cc1F,98.0,active
261,CHEMBL2048308,CNc1ccc(-c2cc3cc(O)ccc3o2)c(F)n1,24.0,active
262,CHEMBL2048309,CNc1ccc(-c2cc3cc(C(N)=O)ccc3o2)c(F)n1,19.0,active
263,CHEMBL2048310,CNc1ncc(-c2cc3cc(O)ccc3o2)cc1F,30.0,active
264,CHEMBL2048311,COc1ccc2oc(-c3ccc(C(N)=O)nc3F)cc2c1,32.0,active
265,CHEMBL2048312,NC(=O)c1ccc(-c2cc3cc(O)ccc3o2)c(F)n1,44.0,active
266,CHEMBL2048313,CNc1ccc(-c2cc3cc(O)ccc3o2)nc1F,35.0,active
267,CHEMBL2048314,CNc1ccc(-c2cc3cc(C(N)=O)ccc3o2)nc1F,32.0,active
268,CHEMBL2059203,COc1cc(/C=C/c2cc(/C=C/c3ccc(O)c(OC)c3)ncn2)ccc1O,3200.0,intermediate
269,CHEMBL2059204,COc1ccc(/C=C/c2cc(/C=C/c3ccc(OC)c(O)c3)ncn2)cc1O,2100.0,intermediate
270,CHEMBL2059205,CN(C)c1cc(/C=C/c2cc(/C=C/c3ccc(O)c(N(C)C)c3)ncn2)ccc1O,3700.0,intermediate
271,CHEMBL2059206,CN(C)c1ccc(/C=C/c2cc(/C=C/c3ccc(N(C)C)c(O)c3)ncn2)cc1O,3400.0,intermediate
272,CHEMBL2059212,COc1nc(/C=C/c2ccc(N(C)C)c(O)c2)cc(/C=C/c2ccc(N(C)C)c(O)c2)n1,800.0,active
273,CHEMBL2059218,CSc1nc(/C=C/c2ccc(N(C)C)c(O)c2)cc(/C=C/c2ccc(N(C)C)c(O)c2)n1,1100.0,intermediate
274,CHEMBL2059388,Oc1ccc(/C=C/c2cc(O)cc(/C=C/c3ccc(O)cc3)c2)cc1,1600.0,intermediate
275,CHEMBL2059391,COc1ccc(/C=C/c2cc(O)cc(/C=C/c3ccc(OC)c(O)c3)c2)cc1O,1600.0,intermediate
276,CHEMBL2059393,CN(C)c1ccc(/C=C/c2cc(O)cc(/C=C/c3ccc(N(C)C)c(O)c3)c2)cc1O,3300.0,intermediate
277,CHEMBL2063873,Cc1ccc(NS(=O)(=O)c2ccc(Cl)cc2)c(/N=C/c2cc(Cl)cc(Cl)c2O)c1,13000.0,inactive
279,CHEMBL2063874,Cc1ccc(NS(=O)(=O)c2ccc(Cl)cc2)c(N)c1,30000.0,inactive
281,CHEMBL465398,O=C(O)[C@]1(O)C[C@@H](O)[C@@H](O)[C@H](O)C1,100000.0,inactive
282,CHEMBL145,O=C(O)/C=C/c1ccc(O)c(O)c1,32800.0,inactive
283,CHEMBL27246,O=C(O)/C=C/c1ccccc1,100000.0,inactive
284,CHEMBL284616,O=C(/C=C/c1ccc(O)c(O)c1)O[C@@H]1C[C@](O)(C(=O)O)C[C@@H](O)[C@H]1O,92900.0,inactive
285,CHEMBL416955,COC(=O)[C@]1(O)C[C@@H](O)[C@@H](O)[C@H](OC(=O)/C=C/c2ccc(O)c(O)c2)C1,100000.0,inactive
286,CHEMBL249447,O=C(/C=C/c1ccc(O)c(O)c1)O[C@@H]1C[C@](O)(C(=O)O)C[C@@H](OC(=O)/C=C/c2ccc(O)c(O)c2)[C@H]1O,16400.0,inactive
287,CHEMBL249448,O=C(/C=C/c1ccc(O)c(O)c1)O[C@@H]1C[C@](O)(C(=O)O)C[C@@H](O)[C@H]1OC(=O)/C=C/c1ccc(O)c(O)c1,4700.0,intermediate
288,CHEMBL177126,O=C(/C=C/c1ccc(O)c(O)c1)O[C@H]1[C@H](O)C[C@](O)(C(=O)O)C[C@H]1OC(=O)/C=C/c1ccc(O)c(O)c1,100.0,active
289,CHEMBL2146607,O=C(/C=C/c1ccc(O)c(O)c1)O[C@H]1[C@H](O)C[C@](OC(=O)/C=C/c2ccc(O)c(O)c2)(C(=O)O)C[C@H]1OC(=O)/C=C/c1ccc(O)c(O)c1,2200.0,intermediate
290,CHEMBL499997,O=C(/C=C/c1ccc(O)c(O)c1)O[C@@H]1C[C@](O)(C(=O)O)C[C@@H](OC(=O)/C=C/c2ccc(O)c(O)c2)[C@H]1OC(=O)/C=C/c1ccc(O)c(O)c1,300.0,active
291,CHEMBL2146608,COC(=O)[C@]1(O)C[C@@H](OC(=O)/C=C/c2ccc(O)c(O)c2)[C@@H](OC(=O)/C=C/c2ccc(O)c(O)c2)[C@H](OC(=O)/C=C/c2ccc(O)c(O)c2)C1,3000.0,intermediate
292,CHEMBL2179241,Nc1c(S(=O)(=O)c2ccc(Cl)cc2)cnc2cc(-c3ccccc3)nn12,2300.0,intermediate
293,CHEMBL2179242,O=C(Nc1ccccc1)Nc1ccc(Cl)cc1[N+](=O)[O-],900.0,active
294,CHEMBL2179243,O=S(=O)(Nc1ccc(N2CCCCC2)cc1)c1cc(Cl)sc1Cl,700.0,active
295,CHEMBL1458517,Cc1nc2sc3c(c2c(=O)o1)CCCC3,1200.0,intermediate
296,CHEMBL2203392,Cn1cnc2cc(-c3nc4ccc(F)nc4o3)ccc21,1000.0,active
297,CHEMBL2203391,Cn1ccc2cc(-c3nc4ccc(F)nc4o3)ncc21,1000.0,active
298,CHEMBL2203390,Cn1ncc2cc(-c3nc4ccc(F)nc4o3)ccc21,48.7,active
299,CHEMBL2203389,Fc1ccc2nc(-c3ccc4cc[nH]c4c3)oc2n1,45.3,active
300,CHEMBL2203388,Fc1ccc2nc(-c3ccc4ncsc4c3)oc2n1,35.8,active
301,CHEMBL2203387,Cn1ncc2cc(-c3nc4ccc(F)nc4o3)cnc21,30.2,active
302,CHEMBL2203386,CN1CCc2cc(-c3nc4ccc(F)nc4o3)cnc21,47.0,active
303,CHEMBL2203385,Cn1ccc2cc(-c3nc4ccc(F)nc4o3)cnc21,10.5,active
304,CHEMBL2203384,Fc1ccc2nc(-c3cnc4[nH]ccc4c3)oc2n1,25.7,active
305,CHEMBL2203383,Cn1ccc2cc(-c3nc4ccc(F)nc4o3)ccc21,8.0,active
306,CHEMBL2203382,Fc1ccc2nc(-c3ccc4[nH]ccc4c3)oc2n1,13.8,active
307,CHEMBL2203381,CN(C)c1ccc(-c2nc3ccc(F)nc3o2)cn1,41.8,active
308,CHEMBL2203380,CNc1ccc(-c2nc3ccc(F)nc3o2)cn1,102.0,active
309,CHEMBL2203379,CN(C)c1ccc(-c2nc3ccc(F)nc3o2)cc1,4.0,active
310,CHEMBL2203378,CNc1ccc(-c2nc3ccc(F)nc3o2)cc1,23.1,active
311,CHEMBL2203288,COc1ccc(-c2nc3ccc(F)nc3o2)cc1,32.5,active
312,CHEMBL2337291,Oc1ccc(-c2ccc(O)c(O)c2)cc1O,1000.0,active
313,CHEMBL2337290,Oc1ccc(-c2ccccc2-c2ccc(O)c(O)c2)cc1O,2700.0,intermediate
314,CHEMBL2337293,Oc1ccc(-c2cccc(-c3ccc(O)c(O)c3)c2)cc1O,3700.0,intermediate
315,CHEMBL2381403,COc1ccc2cc(C(=O)CN3CCN(c4ccccc4)CC3)c(=O)oc2c1,6500.0,intermediate
316,CHEMBL2381384,COc1ccc2cc(C(=O)CN3CCN(c4ncccn4)CC3)c(=O)oc2c1,4000.0,intermediate
317,CHEMBL2381385,COc1ccc2cc(C(=O)CN3CCOCC3)c(=O)oc2c1,5000.0,intermediate
318,CHEMBL2381402,COc1ccc2cc(C(=O)CN3CCC(c4ccccc4)CC3)c(=O)oc2c1,14000.0,inactive
323,CHEMBL2381386,COc1ccc2cc(C(=O)CN3CCC(Cc4ccccc4)CC3)c(=O)oc2c1,36000.0,inactive
324,CHEMBL2381401,COc1ccc2cc(C(=O)CN3CCN(Cc4ccccc4)CC3)c(=O)oc2c1,36000.0,inactive
326,CHEMBL723,COc1ccccc1OCCNCC(O)COc1cccc2[nH]c3ccccc3c12,30000.0,inactive
327,CHEMBL2386874,CN(C)c1cccc(Oc2cnc(Nc3cccc(O)c3)nc2)c1,100000.0,inactive
328,CHEMBL2386881,CCCCCC(=O)O[C@H]1CC[C@@]2(C)C(=CC[C@@H]3[C@@H]4C[C@@H]5O[C@]6(CC[C@@H](C)CO6)[C@@H](C)[C@@H]5[C@@]4(C)CC[C@@H]32)C1,100000.0,inactive
329,CHEMBL497,Oc1c(I)cc(Cl)c2cccnc12,100000.0,inactive
330,CHEMBL297453,O=C(O[C@@H]1Cc2c(O)cc(O)cc2O[C@@H]1c1cc(O)c(O)c(O)c1)c1cc(O)c(O)c(O)c1,100000.0,inactive
331,CHEMBL468154,O[C@H]1[C@H](O)[C@@H](O)[C@H](O)[C@@H](O)[C@@H]1O,100000.0,inactive
332,CHEMBL149082,NCCCS(=O)(=O)O,100000.0,inactive
333,CHEMBL165,Oc1ccc(/C=C/c2cc(O)cc(O)c2)cc1,15110.0,inactive
336,CHEMBL2402063,COc1cc(/C=C/c2ccc(NCc3cc(NC(C)C)ccc3O)cc2)cc(OC)c1,18350.0,inactive
337,CHEMBL2402075,COc1cc(/C=C/c2ccc(NCc3cc(NCC(C)C)ccc3O)cc2)cc(OC)c1,10320.0,inactive
338,CHEMBL2402074,CCCNc1ccc(O)c(CNc2ccc(/C=C/c3cc(OC)cc(OC)c3)cc2)c1,13070.0,inactive
345,CHEMBL2402067,COc1cc(/C=C/c2ccc(NCc3cc(N(C)C)ccc3O)cc2)cc(OC)c1,7560.0,intermediate
349,CHEMBL2402161,CN(C)c1ccccc1CNc1ccc(/C=C/c2cc(O)cc(O)c2)cc1,14160.0,inactive
350,CHEMBL2402160,CN(C)c1ccc(O)c(CNc2ccc(/C=C/c3cc(O)cc(O)c3)cc2)c1,6510.0,intermediate
351,CHEMBL2402159,O=[N+]([O-])c1ccc(O)c(CNc2ccc(/C=C/c3cc(O)cc(O)c3)cc2)c1,7060.0,intermediate
352,CHEMBL2402158,Oc1cc(O)cc(/C=C/c2ccc(NCc3cccc(O)c3O)cc2)c1,7870.0,intermediate
353,CHEMBL2402157,Oc1cc(O)cc(/C=C/c2ccc(NCc3ccccc3O)cc2)c1,10220.0,inactive
354,CHEMBL2402163,CN(C)c1ccc(/C=C/c2ccc(NCc3cc(N(C)C)ccc3O)cc2)cc1,10660.0,inactive
355,CHEMBL2402162,COc1ccc(/C=C/c2ccc(NCc3cc(N(C)C)ccc3O)cc2)cc1,12200.0,inactive
356,CHEMBL129795,O=C(/C=C/c1ccc(O)cc1)c1ccc(O)cc1O,19700.0,inactive
358,CHEMBL2408097,COc1ccc(C(=O)/C=C/c2ccc(C(=O)O)cc2)c(O)c1,18500.0,inactive
359,CHEMBL2408096,COC(=O)c1ccc(/C=C/C(=O)c2ccc(OC)cc2O)cc1,23800.0,inactive
360,CHEMBL2408095,COc1ccc(C(=O)/C=C/c2cc(Br)c(OCc3ccccc3)c(OC)c2)c(O)c1,12500.0,inactive
361,CHEMBL260867,COc1ccc(C(=O)/C=C/c2cc(OC)c(OC)c(OC)c2)c(O)c1,9700.0,intermediate
362,CHEMBL258752,COc1ccc(C(=O)/C=C/c2cc(OC)c(OC)cc2OC)c(O)c1,10200.0,inactive
363,CHEMBL2408094,CCOCCOc1ccc(/C=C/C(=O)c2ccc(OC)cc2O)cc1,19100.0,inactive
364,CHEMBL229907,COc1ccc(/C=C/C(=O)c2ccc(OC)cc2O)cc1,8400.0,intermediate
365,CHEMBL2408093,COc1ccc(C(=O)/C=C/c2ccc(OCc3ccccc3)cc2)c(O)c1,7800.0,intermediate
366,CHEMBL2408092,CCOCCOc1cccc(/C=C/C(=O)c2ccc(OC)cc2O)c1,10500.0,inactive
367,CHEMBL2408091,COc1ccc(C(=O)/C=C/c2ccc(OCCCOc3ccccc3)c(OC)c2)c(O)c1,10900.0,inactive
368,CHEMBL2407101,CCOCCCOc1ccc(/C=C/C(=O)c2ccc(OC)cc2O)cc1OC,5800.0,intermediate
369,CHEMBL2408265,COc1ccc(C(=O)/C=C/c2ccc(C(=O)Nc3cc([N+](=O)[O-])ccc3O)cc2)c(O)c1,13300.0,inactive
370,CHEMBL2408264,COc1ccc(C(=O)/C=C/c2ccc(C(=O)Nc3ccccc3O)cc2)c(O)c1,10100.0,inactive
371,CHEMBL2408263,COc1ccc(C(=O)/C=C/c2ccc(C(=O)Nc3ccccc3OC)cc2)c(O)c1,7300.0,intermediate
372,CHEMBL2408262,COc1ccc(C(=O)/C=C/c2ccc(C(=O)Nc3ccc(C)cc3C)cc2)c(O)c1,8300.0,intermediate
373,CHEMBL2408261,COc1ccc(C(=O)/C=C/c2ccc(C(=O)N(C)c3ccccc3)cc2)c(O)c1,20100.0,inactive
374,CHEMBL2408106,COc1ccc(C(=O)/C=C/c2ccc(C(=O)NCc3ccccc3)cc2)c(O)c1,18900.0,inactive
375,CHEMBL2408105,COc1ccc(C(=O)/C=C/c2ccc(C(=O)NCCc3ccccc3)cc2)c(O)c1,19100.0,inactive
376,CHEMBL2408104,CCCCCCCCCCCCNC(=O)c1ccc(/C=C/C(=O)c2ccc(OC)cc2O)cc1,15900.0,inactive
377,CHEMBL2408103,CCCNC(=O)c1ccc(/C=C/C(=O)c2ccc(OC)cc2O)cc1,19900.0,inactive
378,CHEMBL2408102,COc1ccc(C(=O)/C=C/c2ccc(C(=O)NC(C)C)cc2)c(O)c1,17800.0,inactive
379,CHEMBL2408101,COc1ccc(C(=O)/C=C/c2ccc(C(=O)N3CCOCC3)cc2)c(O)c1,3200.0,intermediate
380,CHEMBL2408100,COc1ccc(C(=O)/C=C/c2ccc(C(=O)N3CCCCC3)cc2)c(O)c1,5900.0,intermediate
381,CHEMBL2408099,COc1ccc(C(=O)/C=C/c2ccc(C(=O)N3CCN(C)CC3)cc2)c(O)c1,2200.0,intermediate
382,CHEMBL2408098,COc1ccc(C(=O)/C=C/c2ccc(C(=O)N3CCCC3)cc2)c(O)c1,14600.0,inactive
383,CHEMBL573,O=C(O)c1cccnc1,13100.0,inactive
384,CHEMBL858,O=C(O)CN(CCN(CC(=O)O)CC(=O)O)CC(=O)O,28400.0,inactive
385,CHEMBL2425961,CCc1nc2cc(/C=C/C(=O)NO)ccc2c(=O)n1CCc1ccccc1,50000.0,inactive
386,CHEMBL2425960,O=C(/C=C/c1ccc2c(=O)n(CCc3ccccc3)cnc2c1)NO,50000.0,inactive
387,CHEMBL2425959,Cc1nc2cc(/C=C/C(=O)NO)ccc2c(=O)n1CCc1c[nH]c2ccccc12,50000.0,inactive
388,CHEMBL2425958,Cc1nc2cc(/C=C/C(=O)NO)ccc2c(=O)n1CCc1ccccc1,50000.0,inactive
389,CHEMBL2425957,Cc1nc2cc(/C=C/C(=O)NO)ccc2c(=O)n1Cc1ccccc1,50000.0,inactive
390,CHEMBL2425956,Cc1nc2c(/C=C/C(=O)NO)cccc2c(=O)n1-c1ccccc1,50000.0,inactive
391,CHEMBL2425955,Cc1nc2cc(/C=C/C(=O)NO)ccc2c(=O)n1-c1ccccc1,50000.0,inactive
392,CHEMBL2425954,Cc1nc2ccc(/C=C/C(=O)NO)cc2c(=O)n1-c1ccccc1,50000.0,inactive
393,CHEMBL2425953,Cc1nc2cccc(/C=C/C(=O)NO)c2c(=O)n1-c1ccccc1,50000.0,inactive
406,CHEMBL2436692,O=c1ccoc2cc(OCCCN3CCN(CCCNc4c5c(nc6ccccc46)CCCC5)CC3)ccc12,11500.0,inactive
407,CHEMBL2436691,COc1cc(OCCCN2CCN(CCCNc3c4c(nc5ccccc35)CCCC4)CC2)cc2occc(=O)c12,12600.0,inactive
408,CHEMBL2436690,O=c1ccoc2cc(OCCCN3CCN(CCCNc4c5c(nc6ccccc46)CCCC5)CC3)cc(O)c12,4800.0,intermediate
409,CHEMBL2436710,O=c1cc(-c2ccc([N+](=O)[O-])cc2)oc2cc(OCCCN3CCN(CCCNc4c5c(nc6ccccc46)CCCC5)CC3)ccc12,14100.0,inactive
415,CHEMBL2436704,COc1cc(OCCCN2CCN(CCCNc3c4c(nc5ccccc35)CCCC4)CC2)cc2oc(-c3ccccc3)cc(=O)c12,9600.0,intermediate
416,CHEMBL2436703,O=c1cc(-c2ccccc2)oc2cc(OCCCN3CCN(CCCNc4c5c(nc6ccccc46)CCCC5)CC3)cc(O)c12,6500.0,intermediate
417,CHEMBL2436702,O=c1cc(-c2ccccc2)oc2cc(OCCCCCCN3CCN(CCCNc4c5c(nc6ccccc46)CCCC5)CC3)ccc12,13500.0,inactive
418,CHEMBL2436701,O=c1cc(-c2ccccc2)oc2cc(OCCCCCN3CCN(CCCNc4c5c(nc6ccccc46)CCCC5)CC3)ccc12,13200.0,inactive
419,CHEMBL2436700,O=c1cc(-c2ccccc2)oc2cc(OCCCCN3CCN(CCCNc4c5c(nc6ccccc46)CCCC5)CC3)ccc12,17300.0,inactive
420,CHEMBL2436699,O=c1cc(-c2ccccc2)oc2cc(OCCCN3CCN(CCCNc4c5c(nc6ccccc46)CCCC5)CC3)ccc12,14900.0,inactive
421,CHEMBL2436698,O=c1cc(-c2ccccc2)oc2cc(OCCN3CCN(CCCNc4c5c(nc6ccccc46)CCCC5)CC3)ccc12,9800.0,intermediate
422,CHEMBL2436697,O=c1cc(-c2ccccc2)oc2cc(OCCCCCCN3CCN(CCNc4c5c(nc6ccccc46)CCCC5)CC3)ccc12,14200.0,inactive
423,CHEMBL2436696,O=c1cc(-c2ccccc2)oc2cc(OCCCCCN3CCN(CCNc4c5c(nc6ccccc46)CCCC5)CC3)ccc12,12800.0,inactive
424,CHEMBL2436695,O=c1cc(-c2ccccc2)oc2cc(OCCCCN3CCN(CCNc4c5c(nc6ccccc46)CCCC5)CC3)ccc12,16400.0,inactive
425,CHEMBL2436694,O=c1cc(-c2ccccc2)oc2cc(OCCCN3CCN(CCNc4c5c(nc6ccccc46)CCCC5)CC3)ccc12,13700.0,inactive
426,CHEMBL2436693,O=c1cc(-c2ccccc2)oc2cc(OCCN3CCN(CCNc4c5c(nc6ccccc46)CCCC5)CC3)ccc12,16800.0,inactive
428,CHEMBL3087683,CC(C(=O)NCCCNCCCNC1=CC(=O)c2ccccc2C1=O)c1ccc(-c2ccccc2)c(F)c1,6880.0,intermediate
431,CHEMBL3087680,C[C@H](C(=O)NCCCNCCCNC1=CC(=O)C(NCCCNCCCNC(=O)[C@@H](C)c2ccc(-c3ccccc3)c(F)c2)=CC1=O)c1ccc(-c2ccccc2)c(F)c1,4430.0,intermediate
432,CHEMBL3087679,C[C@@H](C(=O)NCCCNCCCNC1=CC(=O)C(NCCCNCCCNC(=O)[C@H](C)c2ccc(-c3ccccc3)c(F)c2)=CC1=O)c1ccc(-c2ccccc2)c(F)c1,4770.0,intermediate
433,CHEMBL3087677,COc1ccc2c(c1)c(CC(=O)NCCCNCCCNC1=CC(=O)C(NCCCNCCCNC(=O)Cc3c(C)n(C(=O)c4ccc(Cl)cc4)c4ccc(OC)cc34)=CC1=O)c(C)n2C(=O)c1ccc(Cl)cc1,6110.0,intermediate
434,CHEMBL3087676,O=C(Cc1ccccc1Nc1c(Cl)cccc1Cl)NCCCNCCCNC1=CC(=O)C(NCCCNCCCNC(=O)Cc2ccccc2Nc2c(Cl)cccc2Cl)=CC1=O,3150.0,intermediate
435,CHEMBL3087675,CC1=C(CC(=O)NCCCNCCCNC2=CC(=O)C(NCCCNCCCNC(=O)CC3=C(C)/C(=C\c4ccc([S+](C)[O-])cc4)c4ccc(F)cc43)=CC2=O)c2cc(F)ccc2/C1=C/c1ccc([S+](C)[O-])cc1,8180.0,intermediate
436,CHEMBL3087674,CC(C)Cc1ccc(C(C)C(=O)NCCCNCCCNC2=CC(=O)C(NCCCNCCCNC(=O)C(C)c3ccc(CC(C)C)cc3)=CC2=O)cc1,4830.0,intermediate
437,CHEMBL231160,CCN(CCCCCCNC1=CC(=O)C(NCCCCCCN(CC)Cc2ccccc2OC)=CC1=O)Cc1ccccc1OC,5930.0,intermediate
438,CHEMBL3099500,CN(CCCCNc1c2c(nc3c(NC(=O)CNC(=O)CC[C@H](NC(=O)CNC(=O)OCc4ccccc4)C(=O)N[C@@H](Cc4ccccc4)C(=O)OCc4ccccc4)cccc13)CCCC2)CCCNc1c2c(nc3ccccc13)CCCC2,51000.0,inactive
439,CHEMBL541265,O=C(/C=C/c1cc(O)cc2c1[C@H](C(O)O[C@H](Cc1ccc(O)c(O)c1)C(=O)O)[C@@H](c1ccc(O)c(O)c1)O2)O[C@H](Cc1ccc(O)c(O)c1)C(=O)O,5000.0,intermediate
441,CHEMBL3235412,COC(=O)[C@H](Cc1c[nH]cn1)NC(=O)CN(CC(=O)O)Cc1ccccc1,5300.0,intermediate
442,CHEMBL3235503,c1ccc2c(NCCSSCCNc3c4c(nc5ccccc35)CCCC4)c3c(nc2c1)CCCC3,24200.0,inactive
443,CHEMBL3286981,COc1cc(/C=c2\sc3nc(-c4ccncc4)cn3c2=O)cc(OC)c1O,93.0,active
444,CHEMBL3286982,COc1cc(/C=c2\sc3nc(-c4ccc(Cl)cc4)cn3c2=O)cc(OC)c1O,7.0,active
445,CHEMBL3286983,COc1cc(/C=c2\sc3nc(-c4ccc(Cl)cc4)cn3c2=O)cc(Cl)c1O,32.0,active
446,CHEMBL3286984,COc1cc(/C=c2\sc3nc(-c4ccc(Cl)cc4)cn3c2=O)cc(Br)c1O,18.0,active
447,CHEMBL3286985,COc1cc(/C=c2\sc3nc(-c4ccc(Cl)cc4)cn3c2=O)cc(O)c1O,18.0,active
448,CHEMBL3286986,COc1cc(/C=c2\sc3nc(-c4ccncc4C)cn3c2=O)ccc1O,10000.0,inactive
449,CHEMBL3286987,COc1cc(/C=c2\sc3nc(-c4ccncc4C)cn3c2=O)cc(OC)c1O,32.0,active
450,CHEMBL3286988,COc1cc(/C=c2\sc3nc(-c4cccc(Cl)c4)cn3c2=O)cc(OC)c1O,6.0,active
451,CHEMBL3286989,COc1cc(/C=c2\sc3nc(-c4cccc(C(F)(F)F)c4)cn3c2=O)cc(Cl)c1O,123.0,active
452,CHEMBL3286990,COc1cc(/C=c2\sc3nc(-c4cccc(OC(F)(F)F)c4)cn3c2=O)cc(F)c1O,10000.0,inactive
453,CHEMBL191083,CN(C)c1ccc2nc3ccc(=[N+](C)C)cc-3sc2c1,550.0,active
454,CHEMBL3330737,N#C/C(=C\c1ccc(-c2ccc(-c3ccc(N(c4ccccc4)c4ccccc4)cc3)s2)s1)C(=O)O,410.0,active
455,CHEMBL3330738,N#CC(C#N)=Cc1ccc(-c2ccc(-c3ccc(N(c4ccccc4)c4ccccc4)cc3)s2)s1,10000.0,inactive
456,CHEMBL3330739,O=Cc1ccc(-c2ccc(-c3ccc(N(c4ccccc4)c4ccccc4)cc3)s2)s1,7100.0,intermediate
457,CHEMBL3330740,N#C/C(=C\c1ccc(-c2ccc(-c3ccc(N(c4ccccc4)c4ccccc4)cc3)s2)s1)C(N)=O,1500.0,intermediate
458,CHEMBL3330741,O=C1NC(=O)C(=Cc2ccc(-c3ccc(-c4ccc(N(c5ccccc5)c5ccccc5)cc4)s3)s2)C(=O)N1,10000.0,inactive
459,CHEMBL3330742,CN1C(=O)C(=Cc2ccc(-c3ccc(-c4ccc(N(c5ccccc5)c5ccccc5)cc4)s3)s2)C(=O)N(C)C1=O,10000.0,inactive
460,CHEMBL3330743,O=Cc1ccc(-c2ccc(-c3ccc(N(c4ccccc4)c4ccccc4)cc3)c3nsnc23)s1,10000.0,inactive
461,CHEMBL3330744,N#CC(C#N)=Cc1ccc(-c2ccc(-c3ccc(N(c4ccccc4)c4ccccc4)cc3)c3nsnc23)s1,10000.0,inactive
462,CHEMBL3330745,N#C/C(=C\c1ccc(-c2ccc(-c3ccc(N(c4ccccc4)c4ccccc4)cc3)c3nsnc23)s1)C(N)=O,10000.0,inactive
463,CHEMBL3330746,CC(C)(C)n1c2cc(-c3ccc(N(c4ccccc4)c4ccccc4)cc3)sc2c2sc(-c3ccc(C=O)s3)cc21,10000.0,inactive
464,CHEMBL3330747,CC(C)(C)n1c2cc(-c3ccc(N(c4ccccc4)c4ccccc4)cc3)sc2c2sc(-c3ccc(C=C(C#N)C#N)s3)cc21,10000.0,inactive
465,CHEMBL3330748,CC(C)(C)n1c2cc(-c3ccc(N(c4ccccc4)c4ccccc4)cc3)sc2c2sc(-c3ccc(/C=C(\C#N)C(N)=O)s3)cc21,10000.0,inactive
466,CHEMBL3330749,COc1ccc(-c2ccc(-c3ccc(C=O)s3)s2)cc1,10000.0,inactive
467,CHEMBL3330750,COc1ccc(-c2ccc(-c3ccc(C=C(C#N)C#N)s3)s2)cc1,1000.0,active
468,CHEMBL3330751,COc1ccc(-c2cc3c(s2)c2sc(-c4ccc(C=O)s4)cc2n3C(C)(C)C)cc1,380.0,active
469,CHEMBL3330752,COc1ccc(-c2cc3c(s2)c2sc(-c4ccc(C=C(C#N)C#N)s4)cc2n3C(C)(C)C)cc1,10000.0,inactive
470,CHEMBL3330753,COc1ccc(-c2cc3c(s2)c2sc(-c4ccc(/C=C(\C#N)C(N)=O)s4)cc2n3C(C)(C)C)cc1,550.0,active
471,CHEMBL3330754,O=Cc1ccc(-c2ccc(-c3ccc4[nH]ccc4c3)s2)s1,10000.0,inactive
472,CHEMBL3330735,CN(C)c1ccc2nc3ccc(N)cc3[s+]c2c1.[Cl-],3000.0,intermediate
473,CHEMBL3330736,CNc1ccc2nc3ccc(N(C)C)cc3[s+]c2c1.[Cl-],3000.0,intermediate
474,CHEMBL164,O=c1c(O)c(-c2cc(O)c(O)c(O)c2)oc2cc(O)cc(O)c12,3000.0,intermediate
475,CHEMBL253570,O=c1c(O)c(-c2ccc(O)c(O)c2)oc2c(O)c(O)cc(O)c12,3000.0,intermediate
476,CHEMBL3326698,O=C(NCCCCCNc1c2c(nc3ccccc13)CCCC2)c1cc2ccccc2oc1=O,100000.0,inactive
477,CHEMBL3326704,O=C(NCCCCCCNc1c2c(nc3ccccc13)CCCC2)c1cc2ccccc2oc1=O,100000.0,inactive
478,CHEMBL3326707,Cc1ccc2oc(=O)c(C(=O)NCCCCCCNc3c4c(nc5ccccc35)CCCC4)cc2c1,5000.0,intermediate
479,CHEMBL3326709,O=C(NCCCCCCNc1c2c(nc3ccccc13)CCCC2)c1cc2cc(OC(F)(F)F)ccc2oc1=O,24200.0,inactive
480,CHEMBL3327246,COc1ccc2oc(=O)c(C(=O)NCCCCCCCNc3c4c(nc5ccccc35)CCCC4)cc2c1,13400.0,inactive
481,CHEMBL3327247,Cc1ccc2oc(=O)c(C(=O)NCCCCCCCNc3c4c(nc5ccccc35)CCCC4)cc2c1,6100.0,intermediate
484,CHEMBL3298066,O=C1/C(=C/c2ccc(O)c(O)c2)Oc2c1ccc(O)c2O,2700.0,intermediate
485,CHEMBL151,O=c1cc(-c2ccc(O)c(O)c2)oc2cc(O)cc(O)c12,6400.0,intermediate
486,CHEMBL3297746,COc1c(-c2ccc(O)c(O)c2)oc2c(O)c(O)ccc2c1=O,5400.0,intermediate
488,CHEMBL2206986,CCO[C@@H]([C@H]1C[C@@H](C)[C@H]2[C@H](O1)[C@H](O)[C@@]1(C)[C@@H]3CC[C@H]4C(C)(C)[C@@H](O[C@H]5CN(CC(=O)N6CCC6)CCO5)CC[C@@]45C[C@@]35CC[C@]21C)C(C)(C)O,250.0,active
489,CHEMBL2206995,CCO[C@@H]([C@H]1C[C@@H](C)[C@H]2[C@H](O1)[C@H](O)[C@@]1(C)[C@@H]3CC[C@H]4C(C)(C)[C@@H](O[C@H]5CN(C(=O)C(C)C)CCO5)CC[C@@]45C[C@@]35CC[C@]21C)C(C)(C)O,170.0,active
490,CHEMBL2207065,CCO[C@@H]([C@H]1C[C@@H](C)[C@H]2[C@H](O1)[C@H](O)[C@@]1(C)[C@@H]3CC[C@H]4C(C)(C)[C@@H](O[C@H]5CN(C6COC6)CCO5)CC[C@@]45C[C@@]35CC[C@]21C)C(C)(C)O,270.0,active
491,CHEMBL2207043,CCO[C@@H]([C@H]1C[C@@H](C)[C@H]2[C@H](O1)[C@H](O)[C@@]1(C)[C@@H]3CC[C@H]4C(C)(C)[C@@H](O[C@H]5CN(CC)CCO5)CC[C@@]45C[C@@]35CC[C@]21C)C(C)(C)O,210.0,active
492,CHEMBL2207042,CCO[C@@H]([C@H]1C[C@@H](C)[C@H]2[C@H](O1)[C@H](O)[C@@]1(C)[C@@H]3CC[C@H]4C(C)(C)[C@@H](O[C@H]5CN(C)CCO5)CC[C@@]45C[C@@]35CC[C@]21C)C(C)(C)O,250.0,active
493,CHEMBL2207069,CCO[C@@H]([C@H]1C[C@@H](C)[C@H]2[C@H](O1)[C@H](O)[C@@]1(C)[C@@H]3CC[C@H]4C(C)(C)[C@@H](O[C@H]5CNCCO5)CC[C@@]45C[C@@]35CC[C@]21C)C(C)(C)O,91.0,active
494,CHEMBL2206994,CCO[C@@H]([C@H]1C[C@@H](C)[C@H]2[C@H](O1)[C@H](O)[C@@]1(C)[C@@H]3CC[C@H]4C(C)(C)[C@@H](O[C@H]5CN(C6CN(C)C6)CCO5)CC[C@@]45C[C@@]35CC[C@]21C)C(C)(C)O,100.0,active
495,CHEMBL2207044,CCO[C@@H]([C@H]1C[C@@H](C)[C@H]2[C@H](O1)[C@H](O)[C@@]1(C)[C@@H]3CC[C@H]4C(C)(C)[C@@H](O[C@H]5CN(CCOC)CCO5)CC[C@@]45C[C@@]35CC[C@]21C)C(C)(C)O,270.0,active
496,CHEMBL2207050,CCO[C@@H]([C@H]1C[C@@H](C)[C@H]2[C@H](O1)[C@H](O)[C@@]1(C)[C@@H]3CC[C@H]4C(C)(C)[C@@H](O[C@H]5CN(CCN6CCC6)CCO5)CC[C@@]45C[C@@]35CC[C@]21C)C(C)(C)O,110.0,active
497,CHEMBL2206992,CCO[C@@H]([C@H]1C[C@@H](C)[C@H]2[C@H](O1)[C@H](O)[C@@]1(C)[C@@H]3CC[C@H]4C(C)(C)[C@@H](O[C@H]5CN(C6(C)COC6)CCO5)CC[C@@]45C[C@@]35CC[C@]21C)C(C)(C)O,400.0,active
498,CHEMBL2206993,CCO[C@@H]([C@H]1C[C@@H](C)[C@H]2[C@H](O1)[C@H](O)[C@@]1(C)[C@@H]3CC[C@H]4C(C)(C)[C@@H](O[C@H]5CN(C6CNC6)CCO5)CC[C@@]45C[C@@]35CC[C@]21C)C(C)(C)O,100.0,active
499,CHEMBL3403815,CCO[C@@H]([C@H]1C[C@@H](C)[C@H]2[C@H](O1)[C@H](O)[C@@]1(C)[C@@H]3CC[C@H]4C(C)(C)[C@@H](O[C@H]5CN(CC6CN(C)C6)CCO5)CC[C@@]45C[C@@]35CC[C@]21C)C(C)(C)O,140.0,active
500,CHEMBL3403817,CCO[C@@H]([C@H]1C[C@@H](C)[C@H]2[C@H](O1)[C@H](O)[C@@]1(C)[C@@H]3CC[C@H]4C(C)(C)[C@@H](O[C@H]5CN(C6CN(C7CCC7)C6)CCO5)CC[C@@]45C[C@@]35CC[C@]21C)C(C)(C)O,120.0,active
501,CHEMBL3403818,CCO[C@@H]([C@H]1C[C@@H](C)[C@H]2[C@H](O1)[C@H](O)[C@@]1(C)[C@@H]3CC[C@H]4C(C)(C)[C@@H](O[C@H]5CN(C6CN(C7COC7)C6)CCO5)CC[C@@]45C[C@@]35CC[C@]21C)C(C)(C)O,130.0,active
502,CHEMBL3403819,CCO[C@@H]([C@H]1C[C@@H](C)[C@H]2[C@H](O1)[C@H](O)[C@@]1(C)[C@@H]3CC[C@H]4C(C)(C)[C@@H](O[C@H]5CN(C6CN(CCOC)C6)CCO5)CC[C@@]45C[C@@]35CC[C@]21C)C(C)(C)O,68.0,active
503,CHEMBL3403820,CCO[C@@H]([C@H]1C[C@@H](C)[C@H]2[C@H](O1)[C@H](O)[C@@]1(C)[C@@H]3CC[C@H]4C(C)(C)[C@@H](O[C@H]5CN(C6CN(CC(C)(C)O)C6)CCO5)CC[C@@]45C[C@@]35CC[C@]21C)C(C)(C)O,120.0,active
505,CHEMBL3403822,CCO[C@@H]([C@H]1C[C@@H](C)[C@H]2[C@H](O1)[C@H](O)[C@@]1(C)[C@@H]3CC[C@H]4C(C)(C)[C@@H](O[C@H]5CN(CC6CN(C(C)C)C6)CCO5)CC[C@@]45C[C@@]35CC[C@]21C)C(C)(C)O,110.0,active
506,CHEMBL3403823,CCO[C@@H]([C@H]1C[C@@H](C)[C@H]2[C@H](O1)[C@H](O)[C@@]1(C)[C@@H]3CC[C@H]4C(C)(C)[C@@H](O[C@H]5CN(CC6CN(C7CCC7)C6)CCO5)CC[C@@]45C[C@@]35CC[C@]21C)C(C)(C)O,210.0,active
507,CHEMBL3403824,CCO[C@@H]([C@H]1C[C@@H](C)[C@H]2[C@H](O1)[C@H](O)[C@@]1(C)[C@@H]3CC[C@H]4C(C)(C)[C@@H](O[C@H]5CN(CC6CN(C7COC7)C6)CCO5)CC[C@@]45C[C@@]35CC[C@]21C)C(C)(C)O,170.0,active
508,CHEMBL3403825,CCO[C@@H]([C@H]1C[C@@H](C)[C@H]2[C@H](O1)[C@H](O)[C@@]1(C)[C@@H]3CC[C@H]4C(C)(C)[C@@H](O[C@H]5CN(CC6CN(CCOC)C6)CCO5)CC[C@@]45C[C@@]35CC[C@]21C)C(C)(C)O,86.0,active
509,CHEMBL3403826,CCO[C@@H]([C@H]1C[C@@H](C)[C@H]2[C@H](O1)[C@H](O)[C@@]1(C)[C@@H]3CC[C@H]4C(C)(C)[C@@H](O[C@H]5CN(CC6CN(CC(C)(C)O)C6)CCO5)CC[C@@]45C[C@@]35CC[C@]21C)C(C)(C)O,86.0,active
510,CHEMBL3403827,CCO[C@@H]([C@H]1C[C@@H](C)[C@H]2[C@H](O1)[C@H](O)[C@@]1(C)[C@@H]3CC[C@H]4C(C)(C)[C@@H](O[C@H]5CN(CC6CN(CCO)C6)CCO5)CC[C@@]45C[C@@]35CC[C@]21C)C(C)(C)O,120.0,active
511,CHEMBL3403816,CCO[C@@H]([C@H]1C[C@@H](C)[C@H]2[C@H](O1)[C@H](O)[C@@]1(C)[C@@H]3CC[C@H]4C(C)(C)[C@@H](O[C@H]5CN(C6CN(C(C)C)C6)CCO5)CC[C@@]45C[C@@]35CC[C@]21C)C(C)(C)O,110.0,active
512,CHEMBL576840,O=C(Cc1ccccc1)NC(CSSCC(NC(=O)Cc1ccccc1)C(=O)O)C(=O)O,1950.0,intermediate
513,CHEMBL3400292,CNc1ccc(C(=O)NC(CCCCCNC(=O)OCc2ccccc2)C(=O)O)cc1,2750.0,intermediate
515,CHEMBL3582126,C[C@]1(O)c2ccc3c(c2C(=O)c2occ([C@@H](O)CCO)c21)CCC3=O,95900.0,inactive
516,CHEMBL3582127,C[C@]1(O)c2ccc3c(c2C(=O)c2occ(CCCO)c21)CCC3=O,28000.0,inactive
517,CHEMBL3582128,C[C@]1(O)c2ccc3c(c2C(=O)c2occ(CCO)c21)CCC3=O,34300.0,inactive
518,CHEMBL3582129,C[C@@]1(O)c2ccc3c(c2C(=O)c2occ([C@@H](O)CCO)c21)CCC3=O,71900.0,inactive
519,CHEMBL3582130,C[C@@]12c3ccc4c(c3C(=O)c3occ(c31)[C@@H](O)C[C@@H]2O)CCC4=O,10100.0,inactive
520,CHEMBL3582132,C[C@]12C[C@H](O)C3=C(C(=O)c4occ5c4[C@]3(C)CCC5=O)[C@@H]1CCC2=O,1200.0,intermediate
521,CHEMBL3582133,C[C@]12CC[C@H](O)c3coc(c31)C(=O)C1=C2C[C@@H](O)[C@]2(C)C(=O)CC[C@@H]12,43500.0,inactive
522,CHEMBL549959,C[C@@]12c3ccc4c(c3C(=O)c3occ(c31)C(=O)C[C@H]2O)CCC4=O,13400.0,inactive
526,CHEMBL3593276,CCN1/C(=C/C=C/c2sc3ccc(OCCCO[N+](=O)[O-])cc3[n+]2CC)Sc2ccc(OCCCO[N+](=O)[O-])cc21.O=S(=O)([O-])C(F)(F)F,26000.0,inactive
527,CHEMBL3593277,CCN1/C(=C/C=C/c2sc3ccc(OCc4no[n+]([O-])c4C(N)=O)cc3[n+]2CC)Sc2ccc(OCc3no[n+]([O-])c3C(N)=O)cc21.O=S(=O)([O-])C(F)(F)F,17000.0,inactive
528,CHEMBL3593280,CCN1/C(=C/C=C/c2sc3ccccc3[n+]2CC)Sc2ccc(OCc3no[n+]([O-])c3C(N)=O)cc21.[I-],26000.0,inactive
529,CHEMBL81782,CCN1/C(=C/C=C/c2sc3ccccc3[n+]2CC)Sc2ccccc21.[I-],3300.0,intermediate
530,CHEMBL3593278,CCN1/C(=C/C=C/c2sc3ccccc3[n+]2CC)Sc2ccc(OCCCO[N+](=O)[O-])cc21.[I-],7700.0,intermediate
531,CHEMBL3593279,CCN1/C(=C/C=C/c2sc3ccccc3[n+]2CC)Sc2ccc(Oc3no[n+]([O-])c3-c3ccccc3)cc21.[I-],1600.0,intermediate
532,CHEMBL3593282,CCCOc1ccc2c(c1)N(CC)/C(=C/C=C/c1sc3ccccc3[n+]1CC)S2.[I-],800.0,active
533,CHEMBL3594076,COc1cc(-c2cc(-c3c(O)cccc3O)[nH]n2)ccc1O,4300.0,intermediate
534,CHEMBL3594077,Oc1ccc(-c2cc(-c3c(O)cccc3O)[nH]n2)cc1,15800.0,inactive
535,CHEMBL3594078,Oc1ccc(-c2cc(-c3c(O)cccc3O)[nH]n2)cc1O,1300.0,intermediate
536,CHEMBL3594079,COc1cc(-c2cc(-c3c(O)cccc3O)[nH]n2)cc(OC)c1O,2900.0,intermediate
538,CHEMBL3622510,O=C(O)c1c(O)cc2c([nH]c3ccccc32)c1O,15000.0,inactive
539,CHEMBL3621634,Oc1ccc(/C=C/c2ccc(O)c3ncccc23)cc1,8500.0,intermediate
540,CHEMBL3622258,CC(C)c1c(NC(=O)/C=C/c2ccc(O)c(O)c2)cc2c(c1[N+](=O)[O-])CC[C@@H]1[C@]2(C)CCC[C@@]1(C)CNC(=O)/C=C/c1ccc(O)c(O)c1,3960.0,intermediate
541,CHEMBL3740785,C[C@@H]1C[C@@]23C[C@H]4C(C)(C)[C@@]5(C[C@]4(CN2C1=O)NC3=O)C(=O)Nc1c5ccc2c1C=CC(C)(C)O2,244300.0,inactive
542,CHEMBL3741682,C[C@@H]1C[C@@]23C[C@H]4C(C)(C)[C@@]5(C[C@]4(CN2C1=O)NC3=O)C(=O)Nc1c5ccc2c1OC=CC(C)(C)O2,300000.0,inactive
543,CHEMBL3742121,C[C@@H]1C[C@@]23C[C@H]4C(C)(C)[C@@]5(C[C@]4(CN2C1=O)N(C)C3=O)C(=O)Nc1c5ccc2c1C=CC(C)(C)O2,300000.0,inactive
544,CHEMBL3741529,C[C@@H]1C[C@@]23C[C@H]4C(C)(C)[C@@]5(C[C@]4(CN2C1=O)N(C)C3=O)C(=O)Nc1cc2c(cc15)OC(C)(C)C=CO2,300000.0,inactive
545,CHEMBL3739748,C[C@H]1CN2C[C@]34C[C@@]5(C(=O)Nc6c5ccc5c6OC=CC(C)(C)O5)C(C)(C)[C@@H]3C[C@@]2(C1)C(=O)N4C,269500.0,inactive
546,CHEMBL3741300,C[C@H]1CN2C[C@]34C[C@@]5(C(=O)Nc6c5ccc5c6C=CC(C)(C)O5)C(C)(C)[C@@H]3C[C@@]2(C1)C(=O)N4C,203700.0,inactive
547,CHEMBL3741111,CC1=CC[C@@H]2[C@@]3(C)[C@@H](O)CC(=O)OC(C)(C)[C@@H]3CC[C@@]2(C)[C@]12Cc1c(c(C)c(C)oc1=O)O2,300000.0,inactive
548,CHEMBL3739499,CC1=CC[C@@H]2[C@@]3(C)C=CC(=O)OC(C)(C)[C@@H]3CC[C@@]2(C)[C@]12Cc1c(c(C)c(C)oc1=O)O2,300000.0,inactive
549,CHEMBL3740688,CN1C(=O)[C@@]23CCC(=O)N2C[C@@]12C[C@@]1(C(=O)Nc4c1ccc1c4C=CC(C)(C)O1)C(C)(C)[C@@H]2C3,186600.0,inactive
550,CHEMBL3742151,CC(=O)O[C@H]1CC(=O)OC(C)(C)[C@@H]2CC[C@]3(C)[C@H](CC=C(C)[C@@]34C[C@]3(OC(C)=C(C)C3=O)C(=O)O4)[C@@]12C,300000.0,inactive
551,CHEMBL469159,CC1(C)C=Cc2cc(C(=O)O)ccc2O1,300000.0,inactive
552,CHEMBL324842,O=C(/C=C/c1ccc(O)c(O)c1)O[C@H](Cc1ccc(O)c(O)c1)C(=O)O,71900.0,inactive
556,CHEMBL3740705,COc1cccc(N2N=C(C)CC2=O)c1,50000.0,inactive
557,CHEMBL3739861,CC1=NN(c2ccc(N(c3ccccc3)c3ccccc3)cc2)C(=O)C1,50000.0,inactive
559,CHEMBL3741643,CC1=NN(c2ccc(-n3cccc3)cc2)C(=O)C1,26000.0,inactive
560,CHEMBL3741680,CC1=NN(c2cccc(COCc3ccccc3)c2)C(=O)C1,27000.0,inactive
563,CHEMBL3741909,CC1=NN(c2ccc(-c3ccccc3)cc2)C(=O)C1,5600.0,intermediate
564,CHEMBL3741268,COc1ccc(-c2ccc(N3N=C(C)CC3=O)cc2)cc1,3400.0,intermediate
565,CHEMBL3742091,CC1=NN(c2ccc(-c3cccnc3)cc2)C(=O)C1,14500.0,inactive
566,CHEMBL3741747,CC1=NN(c2ccc(-n3c(-c4ccccc4)cc4ccccc43)cc2)C(=O)C1,19600.0,inactive
567,CHEMBL290916,CC1=NN(c2ccccc2)C(=O)C1,50000.0,inactive
568,CHEMBL1880288,CC1=NN(c2ccccc2C)C(=O)C1,50000.0,inactive
569,CHEMBL3742311,CC1=NN(c2cccc(C)c2)C(=O)C1,50000.0,inactive
570,CHEMBL3740157,CC1=NN(c2ccc(C)cc2)C(=O)C1,50000.0,inactive
571,CHEMBL3739456,CC1=NN(c2ccc3ccccc3c2)C(=O)C1,50000.0,inactive
572,CHEMBL3740761,CCc1ccccc1N1N=C(C)CC1=O,50000.0,inactive
573,CHEMBL3740979,CC1=NN(c2cc(C)ccc2C)C(=O)C1,50000.0,inactive
578,CHEMBL3742036,COc1cc(N2N=C(C)CC2=O)nc(OC)n1,50000.0,inactive
579,CHEMBL3740667,CC1=NN(c2cccnc2)C(=O)C1,50000.0,inactive
582,CHEMBL3740581,CC1=NN(c2cccc(N3CCCC3)c2)C(=O)C1,16800.0,inactive
585,CHEMBL3739947,COc1cc(F)cc(N2N=C(C)CC2=O)c1,50000.0,inactive
586,CHEMBL3740346,CC1=NN(c2ccc(C(F)(F)F)cc2)C(=O)C1,50000.0,inactive
587,CHEMBL3741408,CC1=NN(c2ccc(C)c(F)c2)C(=O)C1,50000.0,inactive
588,CHEMBL3742186,CC1=NN(c2cc(F)ccc2C)C(=O)C1,50000.0,inactive
597,CHEMBL28626,O=c1c(O)c(-c2ccc(O)cc2O)oc2cc(O)cc(O)c12,30300.0,inactive
598,CHEMBL66,O=C1c2c(O)cc(O)cc2O[C@H](c2ccc(O)c(O)c2)[C@H]1O,33000.0,inactive
599,CHEMBL50,O=c1c(O)c(-c2ccc(O)c(O)c2)oc2cc(O)cc(O)c12,15300.0,inactive
601,CHEMBL309490,O=c1c(O)c(-c2ccccc2)oc2cc(O)cc(O)c12,500000.0,inactive
602,CHEMBL150,O=c1c(O)c(-c2ccc(O)cc2)oc2cc(O)cc(O)c12,75100.0,inactive
603,CHEMBL503168,O=c1c(O)c(-c2ccccc2O)oc2cc(O)cc(O)c12,55400.0,inactive
604,CHEMBL3752685,Cl.Cl.c1ccc2c(NCCCCCCCNc3c4c(nc5ccccc35)CCCC4)c3c(nc2c1)CCCC3,8400.0,intermediate
605,CHEMBL3751854,COc1ccc(CC(=O)Nc2nc(-c3ccccc3)cs2)cc1,10600.0,inactive
606,CHEMBL140,COc1cc(/C=C/C(=O)CC(=O)/C=C/c2ccc(O)c(OC)c2)ccc1O,11300.0,inactive
607,CHEMBL3781419,Cc1ccc(-c2cc(NCCNc3cc(-c4cccs4)[nH]n3)n[nH]2)cc1,29000.0,inactive
608,CHEMBL3781022,CN(C)c1ccc(-c2cc(NCCNc3cc(-c4ccc(N(C)C)cc4)[nH]n3)n[nH]2)cc1,7500.0,intermediate
609,CHEMBL3781026,Fc1ccc(-c2cc(NCCNc3cc(-c4ccc(F)cc4)[nH]n3)n[nH]2)cc1,40500.0,inactive
610,CHEMBL3797646,COc1ccc(CC(=O)OCC(=O)Nc2c3c(nc4ccccc24)CCCC3)cc1,71.28,active
611,CHEMBL3797706,COc1ccc(CC(=O)OCC(=O)Nc2c3c(nc4ccccc24)CCCC3)cc1OC,22.54,active
612,CHEMBL3799558,COc1ccc(CC(=O)OCC(=O)Nc2c3c(nc4ccccc24)CCCC3)c(OC)c1OC,51.81,active
613,CHEMBL3798857,O=C(COC(=O)Cc1ccc(O)cc1)Nc1c2c(nc3ccccc13)CCCC2,45.29,active
614,CHEMBL3797623,O=C(COC(=O)Cc1ccc(Cl)cc1)Nc1c2c(nc3ccccc13)CCCC2,77.45,active
615,CHEMBL3798989,COc1cc(OC)cc(C(=O)OCC(=O)Nc2c3c(nc4ccccc24)CCCC3)c1,55.86,active
616,CHEMBL3797363,COc1cc(C(=O)OCC(=O)Nc2c3c(nc4ccccc24)CCCC3)cc(OC)c1OC,30.74,active
617,CHEMBL3799703,COc1ccc(C(=O)OCC(=O)Nc2c3c(nc4ccccc24)CCCC3)c(OC)c1OC,65.5,active
618,CHEMBL3797381,COc1cc(C(=O)OCC(=O)Nc2c3c(nc4ccccc24)CCCC3)ccc1O,37.36,active
619,CHEMBL3800453,O=C(COC(=O)c1ccc(O)c(O)c1)Nc1c2c(nc3ccccc13)CCCC2,17.36,active
620,CHEMBL3800317,COc1ccc(/C=C/C(=O)OCC(=O)Nc2c3c(nc4ccccc24)CCCC3)cc1OC,49.14,active
621,CHEMBL3799950,COc1cc(/C=C/C(=O)OCC(=O)Nc2c3c(nc4ccccc24)CCCC3)cc(OC)c1OC,45.88,active
622,CHEMBL3798813,COc1ccc(/C=C/C(=O)OCC(=O)Nc2c3c(nc4ccccc24)CCCC3)cc1O,46.12,active
623,CHEMBL3799175,O=C(COC(=O)/C=C/c1ccc(Cl)cc1)Nc1c2c(nc3ccccc13)CCCC2,51.77,active
624,CHEMBL3799641,O=C(COC(=O)Cc1c[nH]c2ccccc12)Nc1c2c(nc3ccccc13)CCCC2,38.96,active
625,CHEMBL95,Nc1c2c(nc3ccccc13)CCCC2,12.21,active
628,CHEMBL3814397,Nc1nc(NCC2CCCCC2)nc2ccccc12,25000.0,inactive
629,CHEMBL3815140,CC(C)Nc1nc(N)c2ccccc2n1,25000.0,inactive
630,CHEMBL3814981,CCCNc1nc(N)c2ccccc2n1,25000.0,inactive
631,CHEMBL3814610,Nc1nc(NCCc2ccccc2)nc2ccccc12,25000.0,inactive
632,CHEMBL3814189,Nc1nc(NCc2ccc(F)cc2)nc2ccccc12,25000.0,inactive
633,CHEMBL3813837,Nc1nc(NCc2cccc(F)c2)nc2ccccc12,14700.0,inactive
634,CHEMBL3814001,Nc1nc(NCc2ccc(Br)cc2)nc2ccccc12,1700.0,intermediate
635,CHEMBL3814125,Nc1nc(NCc2cccc(Br)c2)nc2ccccc12,2700.0,intermediate
636,CHEMBL3815148,Nc1nc(NCc2ccc(Cl)cc2)nc2ccccc12,8100.0,intermediate
637,CHEMBL3814191,Nc1nc(NCc2cccc(Cl)c2)nc2ccccc12,13400.0,inactive
638,CHEMBL3814611,Nc1nc(NCc2ccc(C(F)(F)F)cc2)nc2ccccc12,5300.0,intermediate
639,CHEMBL3815150,Nc1nc(NCc2cccc(C(F)(F)F)c2)nc2ccccc12,13800.0,inactive
640,CHEMBL3814909,COc1ccc(CNc2nc(N)c3ccccc3n2)cc1,25000.0,inactive
641,CHEMBL3814324,COc1cccc(CNc2nc(N)c3ccccc3n2)c1,25000.0,inactive
642,CHEMBL3813859,Cc1ccc(CNc2nc(N)c3ccccc3n2)cc1,22500.0,inactive
643,CHEMBL3814103,Cc1cccc(CNc2nc(N)c3ccccc3n2)c1,25000.0,inactive
644,CHEMBL3814134,Nc1nc(NCc2ccccc2)nc2ccccc12,8400.0,intermediate
645,CHEMBL410263,O=S(=O)([O-])c1cc(S(=O)(=O)[O-])c2c(/N=N/c3ccccc3)c(O)ccc2c1.[Na+].[Na+],8700.0,intermediate
646,CHEMBL3815002,Nc1nc(NCC2CCCCC2)c2ccccc2n1,25000.0,inactive
649,CHEMBL3814123,Nc1nc(NCCc2ccccc2)c2ccccc2n1,25000.0,inactive
650,CHEMBL3357256,Nc1nc(NCc2ccc(F)cc2)c2ccccc2n1,25000.0,inactive
651,CHEMBL3814748,Nc1nc(NCc2cccc(F)c2)c2ccccc2n1,25000.0,inactive
652,CHEMBL3814631,Nc1nc(NCc2ccc(Br)cc2)c2ccccc2n1,14800.0,inactive
653,CHEMBL3814270,Nc1nc(NCc2cccc(Br)c2)c2ccccc2n1,22300.0,inactive
654,CHEMBL3813811,Nc1nc(NCc2ccc(Cl)cc2)c2ccccc2n1,25000.0,inactive
655,CHEMBL3814383,Nc1nc(NCc2cccc(Cl)c2)c2ccccc2n1,25000.0,inactive
656,CHEMBL3814660,Nc1nc(NCc2ccc(C(F)(F)F)cc2)c2ccccc2n1,25000.0,inactive
657,CHEMBL3814349,Nc1nc(NCc2cccc(C(F)(F)F)c2)c2ccccc2n1,21000.0,inactive
658,CHEMBL3813788,COc1ccc(CNc2nc(N)nc3ccccc23)cc1,25000.0,inactive
660,CHEMBL3813971,Cc1ccc(CNc2nc(N)nc3ccccc23)cc1,25000.0,inactive
661,CHEMBL3814363,Cc1cccc(CNc2nc(N)nc3ccccc23)c1,25000.0,inactive
662,CHEMBL3815078,Nc1nc(NCc2ccccc2)c2ccccc2n1,25000.0,inactive
684,CHEMBL3814965,CC(C)Nc1nc(N)nc2ccccc12,10200.0,inactive
685,CHEMBL3814813,CCCNc1nc(N)nc2ccccc12,14900.0,inactive
696,CHEMBL3814429,COc1cccc(CNc2nc(N)nc3ccccc23)c1,20600.0,inactive
701,CHEMBL429694,Nc1c(/N=N/c2ccc(-c3ccc(/N=N/c4cc(S(=O)(=O)[O-])c5ccccc5c4N)cc3)cc2)cc(S(=O)(=O)[O-])c2ccccc12.[Na+].[Na+],1300.0,intermediate
702,CHEMBL3815004,CNc1cccc(CCNc2cccc(NCCc3ccccn3)n2)n1,35000.0,inactive
703,CHEMBL3814529,CNc1cccc(NCCCc2cccc(NCCCc3ccccn3)n2)n1,17000.0,inactive
704,CHEMBL3814719,CNc1cccc(NCCc2cccc(NCCc3ccccn3)n2)n1,25000.0,inactive
705,CHEMBL3814159,CNc1cccc(NCCc2cccc(NCc3ccccn3)n2)n1,13000.0,inactive
706,CHEMBL3813916,CNc1cccc(CCNc2cccc(CCN(c3ccccn3)c3ccccn3)n2)n1,240000.0,inactive
707,CHEMBL3814563,CNc1cccc(CCNc2cccc(CCNc3ccccn3)n2)n1,280000.0,inactive
708,CHEMBL3818600,O=C1C(=Cc2ccc(N3CCN(C(=O)c4ccco4)CC3)cc2)C(=O)c2ccccc21,9200.0,intermediate
709,CHEMBL3819454,O=C1C(=Cc2ccc(N3CCN(C(c4ccccc4)c4ccccc4)CC3)cc2)C(=O)c2ccccc21,11750.0,inactive
710,CHEMBL3818053,O=C1C(=Cc2ccc(N3CCN(c4ncccn4)CC3)cc2)C(=O)c2ccccc21,10110.0,inactive
712,CHEMBL3942680,COc1cc(O)ccc1/C=C/C(=O)CC(=O)/C=C/c1ccc(O)cc1OC,4600.0,intermediate
713,CHEMBL405110,CN(C)c1ccc2nc3ccc(=[N+](C)C)cc-3sc2c1.[Cl-],500.0,active
714,CHEMBL3953399,COc1cc(OCc2ccccn2)ccc1/C=C/c1cc(/C=C/c2ccc3cc[nH]c3c2)[nH]n1,1200.0,intermediate
715,CHEMBL3948937,COc1cc(OCc2ccccn2)ccc1/C=C/C(=O)CC(=O)/C=C/c1ccc2cc[nH]c2c1,470.0,active
716,CHEMBL3901022,COc1cc(OCc2ccccc2)ccc1/C=C/C(=O)CC(=O)/C=C/c1ccc2cc[nH]c2c1,5400.0,intermediate
717,CHEMBL3938007,COc1cc(OCC2CCCO2)ccc1/C=C/C(=O)CC(=O)/C=C/c1ccc2cc[nH]c2c1,2500.0,intermediate
718,CHEMBL3965306,COc1ccc(/C=C/C(=O)CC(=O)/C=C/c2ccc3cc[nH]c3c2)c(OC)c1,610.0,active
719,CHEMBL3911126,COc1cc(O)ccc1/C=C/C(=O)CC(=O)/C=C/c1ccc2cc[nH]c2c1,520.0,active
720,CHEMBL3981143,COc1cc(/C=C/C(=O)CC(=O)/C=C/c2ccco2)ccc1O,760.0,active
721,CHEMBL3889997,COc1cc(/C=C/C(=O)CC(=O)/C=C/c2cccnc2)ccc1O,10000.0,inactive
722,CHEMBL3892054,COc1cc(/C=C/C(=O)CC(=O)/C=C/c2ccccc2)ccc1O,2200.0,intermediate
723,CHEMBL3950384,COc1cc(/C=C/C(=O)CC(=O)/C=C/c2ccc3cc[nH]c3c2)ccc1O,420.0,active
724,CHEMBL3922663,COc1cc(/C=C/C(=O)CC(=O)/C=C/c2ccc3ccccc3c2)ccc1O,590.0,active
725,CHEMBL3978488,COc1cc(/C=C/C(=O)CC(=O)/C=C/c2ccc3c(c2)OCO3)ccc1O,3700.0,intermediate
726,CHEMBL3672436,COc1ccc(/C=C/C(=O)CC(=O)/C=C/c2ccc(O)c(OC)c2)c(O)c1,930.0,active
727,CHEMBL3970179,COc1cc(O)cc(/C=C/C(=O)CC(=O)/C=C/c2ccc(O)c(OC)c2)c1,1100.0,intermediate
728,CHEMBL3940632,COc1ccc(O)c(/C=C/C(=O)CC(=O)/C=C/c2ccc(O)c(OC)c2)c1,1800.0,intermediate
729,CHEMBL3672401,COc1cc(/C=C/C(=O)CC(=O)/C=C/c2ccc(O)cc2OC)ccc1O,920.0,active
730,CHEMBL3969106,COc1cc(/C=C/C(=O)CC(=O)/C=C/c2cc(O)ccc2OC)ccc1O,1300.0,intermediate
731,CHEMBL3672439,COc1cc(/C=C/C(=O)CC(=O)/C=C/c2c(O)cccc2OC)ccc1O,1600.0,intermediate
732,CHEMBL3958051,COc1ccc(/C=C/C(=O)CC(=O)/C=C/c2ccc(O)c(OC)c2)cc1O,2100.0,intermediate
733,CHEMBL3911667,COc1cc(/C=C/C(=O)CC(=O)/C=C/c2cccc(O)c2OC)ccc1O,1900.0,intermediate
734,CHEMBL3986412,COc1cc(/C=C/C(=O)CC(=O)/C=C/c2cccc(OC)c2O)ccc1O,5400.0,intermediate
736,CHEMBL3922564,CN(C)c1ccc(-c2cc(=O)c3ccc(OCC(=O)NCCCCCCNc4c5c(nc6ccccc46)CCCC5)cc3o2)cc1,9470.0,intermediate
738,CHEMBL3883958,OC[C@@H]1Cc2c([nH]c3ccccc23)CN1Cc1cn(C[C@@H]2Cc3c([nH]c4ccccc34)CN2)nn1,66360.0,inactive
748,CHEMBL3944195,COc1cc2c(cc1OC)C(=O)/C(=C/c1ccc(N3CCN(C(c4ccccc4)c4ccccc4)CC3)cc1)C2,12200.0,inactive
749,CHEMBL3925265,COc1cc2c(cc1OC)C(=O)/C(=C/c1ccc(N3CCN(C(c4ccc(F)cc4)c4ccc(F)cc4)CC3)cc1)C2,7400.0,intermediate
753,CHEMBL3913721,COc1cc2c(cc1OC)C(=O)/C(=C/c1ccc(N3CCN(C(=O)c4ccoc4)CC3)cc1)C2,10900.0,inactive
755,CHEMBL3951861,COc1cc2c(cc1OC)C(=O)/C(=C/c1ccc(N3CCN(c4ncccn4)CC3)cc1)C2,9900.0,intermediate
757,CHEMBL1086286,CCS(=O)(=O)NC[C@@H]1CCC[C@@]2(S(=O)(=O)c3ccc(Cl)cc3)c3c(F)ccc(F)c3OC[C@@H]12,1.0,active
758,CHEMBL1086287,O=S(=O)(NC[C@@H]1CCC[C@@]2(S(=O)(=O)c3ccc(Cl)cc3)c3c(F)ccc(F)c3OC[C@@H]12)C(F)(F)F,14.0,active
759,CHEMBL3659993,CC(=O)CC[C@@H]1OCC[C@@]2(S(=O)(=O)c3ccc(Cl)cc3)c3c(F)ccc(F)c3OC[C@@H]12,7.0,active
760,CHEMBL3659994,O=S(=O)(c1ccc(Cl)cc1)[C@@]12CCO[C@@H](CCC(O)CO)[C@@H]1COc1c(F)ccc(F)c12,15.0,active
761,CHEMBL1090210,O=S(=O)(N[C@@H]1CC[C@@]2(S(=O)(=O)c3ccc(Cl)cc3)c3c(F)ccc(F)c3OC[C@H]2C1)C1CC1,8.0,active
762,CHEMBL3659995,O=C(C[C@@H]1CC[C@@]2(S(=O)(=O)c3ccc(C(F)(F)F)cc3)c3c(F)ccc(F)c3OC[C@H]2C1)NCC(F)(F)F,25.0,active
763,CHEMBL3659992,CCS(=O)(=O)CC[C@@H]1CCC[C@@]2(S(=O)(=O)c3ccc(Cl)cc3)c3c(F)ccc(F)c3OC[C@@H]12,10.0,active
764,CHEMBL1090209,O=S(=O)(N[C@@H]1CC[C@@]2(S(=O)(=O)c3ccc(Cl)cc3)c3c(F)ccc(F)c3OC[C@H]2C1)C(F)(F)F,27.0,active
765,CHEMBL1778349,O=S(=O)(N[C@@H]1CC[C@@]2(S(=O)(=O)c3ccc(Cl)cc3)c3c(F)ccc(F)c3OC[C@@]2(O)C1)C1CC1,29.0,active
766,CHEMBL1085076,O=S(=O)(NC[C@@H]1CCC[C@@]2(S(=O)(=O)c3ccc(C(F)(F)F)cc3)c3c(F)ccc(F)c3OC[C@@H]12)C(F)(F)F,54.0,active
767,CHEMBL3667019,O=C(/C=C/c1ccc(O)c(OC(F)(F)F)c1)CC(=O)/C=C/c1ccc(O)c(OC(F)(F)F)c1,210.0,active
768,CHEMBL3667020,COC(=O)CCC(C(=O)/C=C/c1ccc(O)c(OC(F)(F)F)c1)C(=O)/C=C/c1ccc(O)c(OC(F)(F)F)c1,440.0,active
769,CHEMBL3667021,CC(C)(C(=O)/C=C/c1ccc(O)c(OC(F)(F)F)c1)C(=O)/C=C/c1ccc(O)c(OC(F)(F)F)c1,15000.0,inactive
770,CHEMBL3667022,COC(=O)CC(C(=O)/C=C/c1ccc(O)c(OC(F)(F)F)c1)C(=O)/C=C/c1ccc(O)c(OC(F)(F)F)c1,520.0,active
771,CHEMBL3667023,COC(=O)CCCC(C(=O)/C=C/c1ccc(O)c(OC(F)(F)F)c1)C(=O)/C=C/c1ccc(O)c(OC(F)(F)F)c1,310.0,active
772,CHEMBL3667024,CCOC(=O)CCC(C(=O)/C=C/c1ccc(O)c(OC(F)(F)F)c1)C(=O)/C=C/c1ccc(O)c(OC(F)(F)F)c1,380.0,active
773,CHEMBL3667025,CC(C)(C)OC(=O)CCC(C(=O)/C=C/c1ccc(O)c(OC(F)(F)F)c1)C(=O)/C=C/c1ccc(O)c(OC(F)(F)F)c1,650.0,active
774,CHEMBL3667026,O=C(O)CCC(C(=O)/C=C/c1ccc(O)c(OC(F)(F)F)c1)C(=O)/C=C/c1ccc(O)c(OC(F)(F)F)c1,1300.0,intermediate
775,CHEMBL3667027,CCOC(=O)C(C(=O)/C=C/c1ccc(O)c(OC(F)(F)F)c1)C(=O)/C=C/c1ccc(O)c(OC(F)(F)F)c1,140.0,active
776,CHEMBL3667028,COC(=O)CCC(C(=O)/C=C/c1ccc([O-])c(OC(F)(F)F)c1)C(=O)/C=C/c1ccc([O-])c(OC(F)(F)F)c1.[Na+].[Na+],560.0,active
777,CHEMBL3667029,COCOCCCC(C(=O)/C=C/c1ccc(O)c(OC(F)(F)F)c1)C(=O)/C=C/c1ccc(O)c(OC(F)(F)F)c1,500.0,active
778,CHEMBL3667030,CN(C)C(=O)CCC(C(=O)/C=C/c1ccc(O)c(OC(F)(F)F)c1)C(=O)/C=C/c1ccc(O)c(OC(F)(F)F)c1,500.0,active
779,CHEMBL3667031,O=C(/C=C/c1ccc(O)c(OC(F)(F)F)c1)C(CCOCCO)C(=O)/C=C/c1ccc(O)c(OC(F)(F)F)c1,700.0,active
780,CHEMBL3667032,COC(=O)COc1ccc(/C=C/C(=O)CC(=O)/C=C/c2ccc(O)c(OC)c2)cc1OC,140.0,active
781,CHEMBL3667033,COc1cc(/C=C/C(=O)CC(=O)/C=C/c2ccc(OCC(=O)O)c(OC)c2)ccc1O,310.0,active
782,CHEMBL3639383,COc1cc(/C=C/C(=O)CC(=O)/C=C/c2ccc(O)c(C(F)(F)F)c2)ccc1O,130.0,active
783,CHEMBL3667034,CNc1ccc(/C=C/C(=O)CC(=O)/C=C/c2ccc(NC)c(C(F)(F)F)c2)cc1C(F)(F)F,5800.0,intermediate
784,CHEMBL3667035,COc1cc(/C=C/C(=O)CC(=O)/C=C/c2cncc(C(F)(F)F)c2)ccc1O,100.0,active
785,CHEMBL3667036,COC(=O)CCC(C(=O)/C=C/c1ccc(O)c(C(F)(F)F)c1)C(=O)/C=C/c1ccc(O)c(C(F)(F)F)c1,360.0,active
786,CHEMBL3667037,N#CCCC(C(=O)/C=C/c1ccc(O)c(OC(F)(F)F)c1)C(=O)/C=C/c1ccc(O)c(OC(F)(F)F)c1,300.0,active
787,CHEMBL3667038,CC(C(=O)/C=C/c1ccc(O)c(OC(F)(F)F)c1)C(=O)/C=C/c1ccc(O)c(OC(F)(F)F)c1,320.0,active
788,CHEMBL3667039,COC(=O)CCC(C(=O)/C=C/c1ccc(O)c(OC(F)(F)F)c1)C(=O)/C=C/c1ccco1,650.0,active
789,CHEMBL4112651,CO[C@H]1CC[C@]2(CC1)Cc1ccc(C#CC3CCC3)cc1[C@]21N=C(C)C(N)=N1,2.0,active
790,CHEMBL3893021,CO[C@H]1CC[C@]2(CC1)Cc1ccc(C#CC(C)C)cc1[C@@]21N=C(C)C(N)=N1,1.6,active
791,CHEMBL3959097,CO[C@H]1CC[C@]2(CC1)Cc1ccc(OCCC(F)(F)F)cc1C21N=C(C)C(N)=N1,56.0,active
792,CHEMBL3898248,CO[C@H]1CC[C@]2(CC1)Cc1ccc(OCCC(F)(F)F)cc1[C@@]21N=C(C)C(N)=N1,0.7,active
793,CHEMBL3672698,CC1=N[C@]2(N=C1N)c1cc(-c3cc(Cl)cc(C#N)c3)ccc1C[C@]21CC[C@@H](O)CC1,1.6,active
794,CHEMBL3672702,CC[C@@H](C)Oc1ccc2c(c1)C1(N=C(C)C(N)=N1)[C@]1(CC[C@H](OC)CC1)C2,16.0,active
795,CHEMBL3672687,CC1=NC2(N=C1N)c1cc(Br)ccc1C[C@]21CC[C@@H](O)CC1,2.4,active
796,CHEMBL3672688,CC1=N[C@@]2(N=C1N)c1cc(Br)ccc1C[C@]21CC[C@@H](O)CC1,96.0,active
797,CHEMBL3891777,CO[C@H]1CC[C@]2(CC1)Cc1ccc(C#CC3CCC3)cc1[C@@]21N=C(C)C(N)=N1,2.1,active
798,CHEMBL3945110,CO[C@H]1CC[C@]2(CC1)Cc1ccc(C#CC(C)C)cc1C21N=C(C)C(N)=N1,678.0,active
799,CHEMBL4110988,CO[C@H]1CC[C@]2(CC1)Cc1ccc(C#CC(C)C)cc1[C@]21N=C(C)C(N)=N1,0.7,active
801,CHEMBL3672695,CC1=N[C@]2(N=C1N)c1cc(OCCCF)ccc1C[C@]21CC[C@@H](OC(F)F)CC1,1.6,active
802,CHEMBL3899321,CO[C@H]1CC[C@]2(CC1)Cc1ccc(OCC(C)F)cc1C21N=C(C)C(N)=N1,2.5,active
803,CHEMBL3672699,CC1=N[C@@]2(N=C1N)c1cc(-c3cc(Cl)cc(C#N)c3)ccc1C[C@]21CC[C@@H](O)CC1,216.0,active
804,CHEMBL3653726,CC#Cc1cncc(-c2ccc3c(c2)[C@@]2(N=C(C)C(N)=N2)[C@]2(CC[C@H](O)CC2)C3)c1,1.0,active
805,CHEMBL3937729,[C-]#[N+]c1cc(Cl)cc(-c2cc3c(cc2C)C[C@]2(CC[C@@H](OC)CC2)C32N=C(C)C(N)=N2)c1,12.0,active
806,CHEMBL3947671,CO[C@H]1CC[C@]2(CC1)Cc1cc(F)c(-c3cc(Cl)cc(C#N)c3)cc1C21N=C(C)C(N)=N1,1.7,active
807,CHEMBL4113193,CO[C@H]1CC[C@]2(CC1)Cc1cc(F)c(-c3cc(Cl)cc(C#N)c3)cc1[C@]21N=C(C)C(N)=N1,986.0,active
808,CHEMBL3943188,CO[C@H]1CC[C@]2(CC1)Cc1cc(F)c(-c3cc(F)cc(C#N)c3)cc1C21N=C(C)C(N)=N1,4.8,active
809,CHEMBL3913223,CC#Cc1cncc(-c2cc3c(cc2C)C[C@]2(CC[C@@H](OC)CC2)C32N=C(C)C(N)=N2)c1,17.0,active
810,CHEMBL3672708,COC1CCC2(CC1)Cc1cc(F)c(Br)cc1C21N=C(C)C(N)=N1,176.0,active
811,CHEMBL3902640,CO[C@H]1CC[C@]2(CC1)Cc1cc(F)c(-c3cc(Cl)cc(C#N)c3)cc1[C@@]21N=C(C)C(N)=N1,0.8,active
812,CHEMBL3969309,CO[C@H]1CC[C@]2(CC1)Cc1cc(F)c(-c3cncc(Cl)c3)cc1C21N=C(C)C(N)=N1,3.0,active
813,CHEMBL3916194,CO[C@H]1CC[C@]2(CC1)Cc1cc(F)c(-c3cc(F)cc(C#N)c3)cc1[C@@]21N=C(C)C(N)=N1,7.4,active
814,CHEMBL3672718,CC1=NC2(N=C1N)c1cc(-c3cc(F)cc(C#N)c3)ccc1CCC21CC1,23.0,active
815,CHEMBL3672719,CC1=NC2(N=C1N)c1cc(-c3cc(F)cc(F)c3)ccc1CCC21CC1,118.0,active
816,CHEMBL3672720,CC1=NC2(N=C1N)c1cc(-c3cncc(Cl)c3)ccc1CCC21CC1,11.0,active
817,CHEMBL3672721,CO[C@H]1CC[C@@]2(CCc3ccc(Br)cc3C23N=C(C)C(N)=N3)CC1,78.0,active
818,CHEMBL3672723,COc1cc(C#N)cc(-c2ccc3c(c2)C2(N=C(C)C(N)=N2)[C@]2(CC3)CC[C@@H](OC)CC2)c1,1.0,active
819,CHEMBL3672724,COc1cc(C#N)cc(-c2ccc3c(c2)C2(N=C(C)C(N)=N2)[C@]2(CC3)CC[C@H](OC)CC2)c1,80.0,active
820,CHEMBL3672725,CO[C@H]1CC[C@@]2(CCc3ccc(-c4cncc(Cl)c4)cc3C23N=C(C)C(N)=N3)CC1,2.5,active
821,CHEMBL3672726,CO[C@H]1CC[C@]2(CCc3ccc(-c4cncc(Cl)c4)cc3C23N=C(C)C(N)=N3)CC1,19.0,active
822,CHEMBL3672727,CC#Cc1cncc(-c2ccc3c(c2)C2(N=C(C)C(N)=N2)[C@]2(CC3)CC[C@H](OC)CC2)c1,81.0,active
823,CHEMBL3672728,CC#Cc1cncc(-c2ccc3c(c2)C2(N=C(C)C(N)=N2)[C@]2(CC3)CC[C@@H](OC)CC2)c1,2.4,active
824,CHEMBL3672729,CC1=NC2(N=C1N)c1cc(-c3cc(Cl)cc(C#N)c3)ccc1CCC21CC1,16.0,active
825,CHEMBL3672730,COC1CCC2(CCc3ccc(-c4cc(Cl)cc(C#N)c4)cc3C23N=C(C)C(N)=N3)CC1,3.1,active
826,CHEMBL3672731,CO[C@H]1CC[C@@]2(CCc3ccc(-c4cc(Cl)cc(C#N)c4)cc3C23N=C(C)C(N)=N3)CC1,92.0,active
827,CHEMBL3672732,CO[C@H]1CC[C@]2(CCc3ccc(-c4cc(Cl)cc(C#N)c4)cc3C23N=C(C)C(N)=N3)CC1,4.5,active
828,CHEMBL3915935,CO[C@H]1CC[C@]2(CC1)Cc1ccc(OCC3(C)CC3)cc1C21N=C(C)C(N)=N1,2.8,active
829,CHEMBL3891403,CO[C@H]1CC[C@]2(CC1)Cc1ccc(OCC3CC(F)(F)C3)cc1C21N=C(C)C(N)=N1,8.4,active
830,CHEMBL3923244,CO[C@H]1CC[C@]2(CC1)Cc1ccc(OCC3CC3)cc1C21N=C(C)C(N)=N1,1.6,active
831,CHEMBL3937398,CO[C@H]1CC[C@]2(CC1)Cc1ccc(OCC3CC3)cc1[C@@]21N=C(C)C(N)=N1,0.9,active
832,CHEMBL3905816,CO[C@H]1CC[C@]2(CC1)Cc1ccc(OCC3CC3(F)F)cc1C21N=C(C)C(N)=N1,2.3,active
833,CHEMBL3961886,CO[C@H]1CC[C@]2(CC1)Cc1ccc(OCC3CCC3)cc1C21N=C(C)C(N)=N1,1.5,active
834,CHEMBL3927449,CO[C@H]1CC[C@]2(CC1)Cc1ccc(OCC3CCC3)cc1[C@@]21N=C(C)C(N)=N1,1.3,active
835,CHEMBL3939963,CO[C@H]1CC[C@]2(CC1)Cc1ccc(OCCC3CC3)cc1C21N=C(C)C(N)=N1,0.8,active
836,CHEMBL3692695,O=C(Nc1ccc2c(c1)C[C@H]1CC[C@@H](C2)[C@H]1NS(=O)(=O)c1ccc(Cl)s1)c1ccc(C(F)(F)F)cc1,1000.0,active
837,CHEMBL3692696,O=C(Cc1ccc(C(F)(F)F)cc1)Nc1ccc2c(c1)C[C@H]1CC[C@@H](C2)[C@H]1NS(=O)(=O)c1ccc(Cl)s1,800.0,active
838,CHEMBL3692697,O=C(CCc1cc(C(F)(F)F)ccc1C(F)(F)F)Nc1ccc2c(c1)C[C@H]1CC[C@@H](C2)[C@H]1NS(=O)(=O)c1ccc(Cl)s1,630000.0,inactive
839,CHEMBL3692698,O=C(CCOc1ccc(F)cc1)Nc1ccc2c(c1)C[C@H]1CC[C@@H](C2)[C@H]1NS(=O)(=O)c1ccc(Cl)s1,20000.0,inactive
840,CHEMBL3692699,O=C(/C=C/c1ccc(F)cc1)Nc1ccc2c(c1)C[C@H]1CC[C@@H](C2)[C@H]1NS(=O)(=O)c1ccc(Cl)s1,84000.0,inactive
841,CHEMBL3692700,O=C(/C=C/c1ccc(C(F)(F)F)cc1)Nc1ccc2c(c1)C[C@H]1CC[C@@H](C2)[C@H]1NS(=O)(=O)c1ccc(Cl)s1,200000.0,inactive
842,CHEMBL3692701,CN1C(=O)[C@@H](NCC(=O)Nc2ccc3c(c2)C[C@H]2CC[C@@H](C3)[C@H]2NS(=O)(=O)c2ccc(Cl)s2)N=C(c2ccccc2)c2ccccc21,800000.0,inactive
843,CHEMBL4111029,CCOc1cnc(C(=O)Nc2ccc(F)c([C@@]3(C)N=C(N)OCC3(F)F)n2)c(N)n1,840.0,active
844,CHEMBL4114267,Cc1cc(C#N)cnc1C(=O)Nc1ccc(F)c([C@@]2(C)N=C(N)OCC2(F)F)n1,7.0,active
845,CHEMBL2386720,C[C@]1(c2nc(NC(=O)c3ncc(C#N)cc3Cl)ccc2F)N=C(N)OCC1(F)F,8.0,active
846,CHEMBL2386721,CC1(C)OC(N)=N[C@](C)(c2nc(NC(=O)c3ncc(C#N)cc3Cl)ccc2F)C1(F)F,7.0,active
847,CHEMBL2386722,COCC[C@]1(c2nc(NC(=O)c3ncc(C#N)cc3C)ccc2F)N=C(N)OCC1(F)F,49.0,active
848,CHEMBL3902027,COCC[C@@]1(c2nc(NC(=O)c3ncc(C#N)cc3C)ccc2F)N=C(N)OCC1(F)F,10000.0,inactive
849,CHEMBL4108431,COCC[C@]1(c2nc(NC(=O)c3ncc(C(F)(F)F)cc3Cl)ccc2F)N=C(N)OCC1(F)F,380.0,active
850,CHEMBL2386723,C[C@]1(c2nc(NC(=O)c3ncc(C(F)(F)F)cc3Cl)ccc2F)N=C(N)OCC1(F)F,27.0,active
851,CHEMBL4110279,C[C@]1(c2nc(NC(=O)c3ncc(C(F)(F)F)nc3N)ccc2F)N=C(N)OCC1(F)F,140.0,active
852,CHEMBL2386724,C[C@]1(c2nc(NC(=O)c3ncc(Cl)cc3Cl)ccc2F)N=C(N)OCC1(F)F,12.0,active
853,CHEMBL4108635,C[C@]1(c2nc(NC(=O)c3ncc(OCC(F)(F)F)nc3N)ccc2F)N=C(N)OCC1(F)F,600.0,active
854,CHEMBL2386725,C[C@]1(c2nc(NC(=O)c3ncc(OCC(F)F)nc3N)ccc2F)N=C(N)OCC1(F)F,440.0,active
855,CHEMBL4114995,C[C@]1(c2nc(NC(=O)c3ncc(OCCCF)nc3N)ccc2F)N=C(N)OCC1(F)F,310.0,active
856,CHEMBL4111654,COc1cnc(C(=O)Nc2ccc(F)c([C@@]3(C)N=C(N)OCC3(F)F)n2)c(C)c1,82.0,active
857,CHEMBL4110143,COCC#Cc1cnc(C(=O)Nc2ccc(F)c([C@@]3(C)N=C(N)OCC3(F)F)n2)c(N)c1,540.0,active
858,CHEMBL4110172,C[C@]1(c2nc(NC(=O)c3ncc(OCF)nc3N)ccc2F)N=C(N)OCC1(F)F,30.0,active
859,CHEMBL4107314,C[C@]1(c2nc(NC(=O)c3ncc(C#CCO)cc3N)ccc2F)N=C(N)OCC1(F)F,62.0,active
860,CHEMBL4109969,C[C@]1(c2nc(NC(=O)c3ncc(F)cc3N)ccc2F)N=C(N)OCC1(F)F,88.0,active
861,CHEMBL4115329,C[C@]1(c2nc(NC(=O)c3ncc(Cl)cc3N)ccc2F)N=C(N)OCC1(F)F,45.0,active
862,CHEMBL4106556,C[C@]1(c2nc(NC(=O)c3ncccc3Cl)ccc2F)N=C(N)OCC1(F)F,88.0,active
863,CHEMBL4107875,COCC#Cc1cnc(C(=O)Nc2ccc(F)c([C@@]3(C)N=C(N)OCC3(F)F)n2)c(Cl)c1,81.0,active
864,CHEMBL4112705,C[C@]1(c2nc(NC(=O)c3ncc(C(F)F)nc3N)ccc2F)N=C(N)OCC1(F)F,60.0,active
865,CHEMBL4114553,C[C@]1(c2nc(NC(=O)c3ncc(OCCCl)nc3N)ccc2F)N=C(N)OCC1(F)F,2900.0,intermediate
866,CHEMBL4115141,C[C@]1(c2nc(NC(=O)c3ncc(OCC(F)F)cc3Cl)ccc2F)N=C(N)OCC1(F)F,250.0,active
867,CHEMBL4108335,C[C@]1(c2nc(NC(=O)c3ncc(OCCF)nc3N)ccc2F)N=C(N)OCC1(F)F,480.0,active
868,CHEMBL4111699,C[C@]1(c2nc(NC(=O)c3ncc(OCF)cc3Cl)ccc2F)N=C(N)OCC1(F)F,57.0,active
869,CHEMBL4109860,CCOc1cnc(C(=O)Nc2ccc(F)c([C@@]3(C)N=C(N)OCC3(F)F)n2)c(Cl)c1,450.0,active
870,CHEMBL4110497,COCCc1cnc(C(=O)Nc2ccc(F)c([C@@]3(C)N=C(N)OCC3(F)F)n2)c(N)n1,70.0,active
871,CHEMBL2386726,C[C@]1(c2nc(NC(=O)c3nn(C(F)F)cc3Cl)ccc2F)N=C(N)OCC1(F)F,13.0,active
872,CHEMBL4110655,C[C@]1(c2nc(NC(=O)c3nccnc3N)ccc2F)N=C(N)OCC1(F)F,180.0,active
873,CHEMBL4113786,C[C@]1(c2nc(NC(=O)c3ncc(C#CCO)cc3Cl)ccc2F)N=C(N)OCC1(F)F,19.0,active
874,CHEMBL4112589,C[C@]1(c2nc(NC(=O)c3ncc(C(F)F)cc3N)ccc2F)N=C(N)OCC1(F)F,66.0,active
875,CHEMBL4108644,CC(F)(F)c1nc(N)c(C(=O)Nc2ccc(F)c([C@@]3(C)N=C(N)OCC3(F)F)n2)nc1Cl,6500.0,intermediate
876,CHEMBL2386719,C[C@]1(c2nc(NC(=O)c3ccc(C#N)cn3)ccc2F)N=C(N)OCC1(F)F,14.0,active
877,CHEMBL4111183,CC(F)(F)c1cnc(C(=O)Nc2ccc(F)c([C@@]3(C)N=C(N)OCC3(F)F)n2)c(Cl)c1,58.0,active
878,CHEMBL4111103,CC(F)(F)c1cnc(C(=O)Nc2ccc(F)c([C@@]3(C)N=C(N)OCC3(F)F)n2)c(N)n1,310.0,active
879,CHEMBL3943313,O=S(=O)(CC[C@@H]1OCC[C@@]2(S(=O)(=O)c3ccc(Cl)cc3)c3c(F)ccc(F)c3OCC12)CCn1cccn1,1.4,active
880,CHEMBL3934479,O=S(=O)(CC[C@@H]1OCC[C@@]2(S(=O)(=O)c3ccc(Cl)cc3)c3c(F)ccc(F)c3OCC12)Cc1ccccn1,1.9,active
881,CHEMBL3961972,O=S(=O)(CC[C@@H]1OCC[C@@]2(S(=O)(=O)c3ccc(Cl)cc3)c3c(F)ccc(F)c3OCC12)Cc1cccnc1,6.6,active
882,CHEMBL3956918,O=S(=O)(CC[C@@H]1OCC[C@@]2(S(=O)(=O)c3ccc(Cl)cc3)c3c(F)ccc(F)c3OCC12)Cc1ncon1,1.7,active
883,CHEMBL3957316,Cc1nc(CS(=O)(=O)CC[C@@H]2OCC[C@@]3(S(=O)(=O)c4ccc(Cl)cc4)c4c(F)ccc(F)c4OCC23)no1,5.8,active
884,CHEMBL3971184,O=c1ccc(S(=O)(=O)CC[C@@H]2OCC[C@@]3(S(=O)(=O)c4ccc(Cl)cc4)c4c(F)ccc(F)c4OCC23)c[nH]1,18.7,active
885,CHEMBL3948649,O=S(=O)(CC[C@@H]1OCC[C@@]2(S(=O)(=O)c3ccc(Cl)cc3)c3c(F)ccc(F)c3OCC12)c1cccnn1,4.5,active
886,CHEMBL3904071,O=S(=O)(CC[C@@H]1OCC[C@@]2(S(=O)(=O)c3ccc(Cl)cc3)c3c(F)ccc(F)c3OCC12)c1cnccn1,5.5,active
887,CHEMBL3935559,O=S(=O)(CC[C@@H]1OCC[C@@]2(S(=O)(=O)c3ccc(Cl)cc3)c3c(F)ccc(F)c3OCC12)c1ccnnc1,10.2,active
888,CHEMBL3928118,O=S(=O)(CC[C@@H]1OCC[C@@]2(S(=O)(=O)c3ccc(Cl)cc3)c3c(F)ccc(F)c3OCC12)c1ncccn1,6.4,active
889,CHEMBL3900140,O=S(=O)(CC[C@@H]1OCC[C@@]2(S(=O)(=O)c3ccc(Cl)cc3)c3c(F)ccc(F)c3OCC12)c1ccncn1,2.9,active
890,CHEMBL3909054,O=S(=O)(CC[C@@H]1OCC[C@@]2(S(=O)(=O)c3ccc(Cl)cc3)c3c(F)ccc(F)c3OCC12)c1cncnc1,12.9,active
891,CHEMBL3905561,COc1ccc(S(=O)(=O)CC[C@@H]2OCC[C@@]3(S(=O)(=O)c4ccc(Cl)cc4)c4c(F)ccc(F)c4OCC23)cn1,16.5,active
892,CHEMBL3941787,O=c1[nH]cccc1S(=O)(=O)CC[C@@H]1OCC[C@@]2(S(=O)(=O)c3ccc(Cl)cc3)c3c(F)ccc(F)c3OCC12,2.8,active
893,CHEMBL3984227,Nc1ncccc1S(=O)(=O)CC[C@@H]1OCC[C@@]2(S(=O)(=O)c3ccc(Cl)cc3)c3c(F)ccc(F)c3OCC12,18.0,active
894,CHEMBL3629737,CC1(C)OCC2(CCC[C@@]3(S(=O)(=O)c4ccc(Cl)cc4)c4c(F)ccc(F)c4OC[C@@H]23)CO1,66.6,active
895,CHEMBL3629739,O=S(=O)(c1ccc(Cl)cc1)[C@@]12CCCC3(COC3)[C@@H]1COc1c(F)ccc(F)c12,10.1,active
896,CHEMBL3629738,O=S(=O)(c1ccc(Cl)cc1)[C@@]12CCC[C@]3(CCOC3)[C@@H]1COc1c(F)ccc(F)c12,13.9,active
897,CHEMBL3629740,O=C1OCC[C@]12CCC[C@@]1(S(=O)(=O)c3ccc(Cl)cc3)c3c(F)ccc(F)c3OC[C@@H]21,228.0,active
898,CHEMBL3629742,O=S(=O)(c1ccc(Cl)cc1)[C@@]12CCCC3(CCSCC3)[C@@H]1COc1c(F)ccc(F)c12,26.4,active
899,CHEMBL3629741,O=S1(=O)CCC2(CCC[C@@]3(S(=O)(=O)c4ccc(Cl)cc4)c4c(F)ccc(F)c4OC[C@@H]23)CC1,57.7,active
900,CHEMBL3629743,O=S(=O)(N1CC[C@]2(CCC[C@@]3(S(=O)(=O)c4ccc(Cl)cc4)c4c(F)ccc(F)c4OC[C@@H]23)C1)C(F)(F)F,23.3,active
901,CHEMBL3899794,C[P@]1(=O)OC[C@]2(CCC[C@@]3(S(=O)(=O)c4ccc(Cl)cc4)c4c(F)ccc(F)c4OC[C@@H]23)CO1,9.5,active
902,CHEMBL3936795,C[P@]1(=O)OC[C@@]2(CCC[C@@]3(S(=O)(=O)c4ccc(Cl)cc4)c4c(F)ccc(F)c4OC[C@@H]23)CO1,421.0,active
903,CHEMBL3905228,C[P@]1(=O)OC[C@@]2(CCC[C@@]3(S(=O)(=O)c4ccc(C(F)(F)F)cc4)c4c(F)ccc(F)c4OC[C@@H]23)CO1,397.0,active
904,CHEMBL3942223,C[P@]1(=O)OC[C@]2(CCC[C@@]3(S(=O)(=O)c4ccc(C(F)(F)F)cc4)c4c(F)ccc(F)c4OC[C@@H]23)CO1,79.0,active
905,CHEMBL3629745,CP1(=O)OCC[C@]2(CCC[C@@]3(S(=O)(=O)c4ccc(Cl)cc4)c4c(F)ccc(F)c4OC[C@@H]23)CO1,5.4,active
910,CHEMBL4059796,O=c1cc(/C=C/c2cccc(F)c2)[nH]cc1O,18970.0,inactive
911,CHEMBL4077009,Cn1cc(O)c(=O)cc1/C=C/c1cccc(F)c1,19440.0,inactive
912,CHEMBL4092433,CN(C)c1ccc(/C=C/c2cc(=O)c(O)c[nH]2)cc1,29220.0,inactive
916,CHEMBL4074429,CCOc1ccc(/C=C/c2cc(=O)c(O)c[nH]2)cc1,23390.0,inactive
917,CHEMBL4097746,CCOc1ccc(/C=C/c2cc(=O)c(O)cn2C)cc1,8940.0,intermediate
918,CHEMBL4070599,COc1ccccc1/C=C/c1cc(=O)c(O)c[nH]1,16500.0,inactive
919,CHEMBL4086825,COc1ccccc1/C=C/c1cc(=O)c(O)cn1C,12480.0,inactive
922,CHEMBL4074006,O=c1cc(/C=C/c2ccc(O)cc2)[nH]cc1O,10720.0,inactive
923,CHEMBL4068105,Cn1cc(O)c(=O)cc1/C=C/c1ccc(O)cc1,15380.0,inactive
924,CHEMBL4095488,O=c1cc(/C=C/c2ccccc2O)[nH]cc1O,21760.0,inactive
931,CHEMBL4069995,c1cc2ncc(Nc3ccc4cc[nH]c4n3)cc2[nH]1,23800.0,inactive
932,CHEMBL4072261,N#Cc1c[nH]c2nc(Nc3ccc4c(C5CCNCC5)c[nH]c4c3)ccc12,17800.0,inactive
933,CHEMBL4066527,c1cc2c(C3CCNCC3)c[nH]c2cc1Nc1ccc2[nH]cc(C3CCNCC3)c2c1,26600.0,inactive
934,CHEMBL4104210,c1cc2c(C3CCNCC3)c[nH]c2cc1Nc1ccc2c(C3CCNCC3)c[nH]c2n1,25600.0,inactive
935,CHEMBL4096474,CN1CCC(c2c[nH]c3cc(Nc4ccc5[nH]cc(C6CCN(C)CC6)c5c4)ccc23)CC1,15300.0,inactive
936,CHEMBL4088780,Fc1ccc(Nc2ccc3c(C4CCNCC4)c[nH]c3c2)cc1F,24000.0,inactive
937,CHEMBL4098927,Fc1ccc(Nc2ccc3c(C4CCNCC4)c[nH]c3n2)cc1F,30000.0,inactive
938,CHEMBL4104620,FC(F)(F)c1ccc(Nc2ccc3c(C4CCNCC4)c[nH]c3c2)cn1,24000.0,inactive
939,CHEMBL4063009,CN1CCC(c2c[nH]c3cc(Nc4ccc(F)c(F)c4)ccc23)CC1,48000.0,inactive
940,CHEMBL4084675,COc1ccc(Nc2ccc3c(C4CCN(C)CC4)c[nH]c3c2)cc1OC,25000.0,inactive
941,CHEMBL4101130,Cn1cc(C2CCNCC2)c2ccc(Nc3ccc(F)c(F)c3)cc21,42000.0,inactive
944,CHEMBL118193,Clc1nc(NCc2ccccc2)c2ccccc2n1,16700.0,inactive
945,CHEMBL4087140,COc1ccc(CCNc2nc(Cl)nc3ccccc23)cc1OC,8200.0,intermediate
946,CHEMBL4065718,Clc1nc(NCCc2ccccc2)c2ccccc2n1,5000.0,intermediate
947,CHEMBL4070983,COc1ccc(CNc2nc(NC3CCN(Cc4ccccc4)CC3)nc3ccccc23)cc1OC,2300.0,intermediate
948,CHEMBL4092601,COc1ccc(CCNc2ncnc3ccccc23)cc1OC,12000.0,inactive
949,CHEMBL117804,c1ccc(CCNc2ncnc3ccccc23)cc1,11900.0,inactive
950,CHEMBL4089722,COc1ccc(CNc2nc(N=[N+]=[N-])nc3ccccc23)cc1OC,7200.0,intermediate
951,CHEMBL4079415,[N-]=[N+]=Nc1nc(NCc2ccccc2)c2ccccc2n1,2600.0,intermediate
952,CHEMBL4097449,COc1ccc(CNc2nc(N)nc3ccccc23)cc1OC,8400.0,intermediate
954,CHEMBL4071318,COc1ccc(CCNc2nc(N)nc3ccccc23)cc1OC,2700.0,intermediate
956,CHEMBL4081859,COc1ccc(CNc2nc(O)nc3ccccc23)cc1OC,7800.0,intermediate
957,CHEMBL4082825,Oc1nc(NCc2ccccc2)c2ccccc2n1,270.0,active
958,CHEMBL4100806,COc1ccc(CCNc2nc(O)nc3ccccc23)cc1OC,10400.0,inactive
959,CHEMBL4096595,Oc1nc(NCCc2ccccc2)c2ccccc2n1,11200.0,inactive
962,CHEMBL4060687,COc1ccc(CNc2nc(NC(N)=O)nc3ccccc23)cc1OC,8300.0,intermediate
963,CHEMBL4081013,NC(=O)Nc1nc(NCc2ccccc2)c2ccccc2n1,13300.0,inactive
964,CHEMBL4099046,COc1ccc(CCNc2nc(NC(N)=O)nc3ccccc23)cc1OC,14400.0,inactive
965,CHEMBL4070380,NC(=O)Nc1nc(NCCc2ccccc2)c2ccccc2n1,1000.0,active
966,CHEMBL4091317,COc1ccc(CNc2nc(NC(C)=O)nc3ccccc23)cc1OC,3100.0,intermediate
967,CHEMBL4061746,CC(=O)Nc1nc(NCc2ccccc2)c2ccccc2n1,1900.0,intermediate
968,CHEMBL4083524,CCCNc1nc(NCc2ccc(OC)c(OC)c2)c2ccccc2n1,1700.0,intermediate
969,CHEMBL4097374,COc1ccc(CNc2nc(NC3CC3)nc3ccccc23)cc1OC,8300.0,intermediate
970,CHEMBL4079345,CCNc1nc(NCc2ccccc2)c2ccccc2n1,7000.0,intermediate
971,CHEMBL4105088,CCCNc1nc(NCc2ccccc2)c2ccccc2n1,5000.0,intermediate
972,CHEMBL3262251,CC(C)Nc1nc(NCc2ccccc2)c2ccccc2n1,4400.0,intermediate
973,CHEMBL4067481,c1ccc(CNc2nc(NC3CC3)nc3ccccc23)cc1,5700.0,intermediate
974,CHEMBL4094911,CNc1nc(NCCc2ccc(OC)c(OC)c2)c2ccccc2n1,6600.0,intermediate
975,CHEMBL4078382,CCNc1nc(NCCc2ccc(OC)c(OC)c2)c2ccccc2n1,2900.0,intermediate
976,CHEMBL4102655,CCCNc1nc(NCCc2ccc(OC)c(OC)c2)c2ccccc2n1,4300.0,intermediate
977,CHEMBL4086248,COc1ccc(CCNc2nc(NC3CC3)nc3ccccc23)cc1OC,4900.0,intermediate
978,CHEMBL4064773,CNc1nc(NCCc2ccccc2)c2ccccc2n1,2000.0,intermediate
979,CHEMBL4061837,CCNc1nc(NCCc2ccccc2)c2ccccc2n1,1400.0,intermediate
980,CHEMBL4083601,CCCNc1nc(NCCc2ccccc2)c2ccccc2n1,4400.0,intermediate
981,CHEMBL4070462,CC(C)Nc1nc(NCCc2ccccc2)c2ccccc2n1,3800.0,intermediate
982,CHEMBL4091385,c1ccc(CCNc2nc(NC3CC3)nc3ccccc23)cc1,790.0,active
992,CHEMBL3348861,O=C1c2c(O)cc(O)cc2O[C@H](c2cc(O)c(O)c(O)c2)[C@H]1O,12800.0,inactive
994,CHEMBL9323,O=C1c2c(O)cc(O)cc2O[C@H](c2ccc(O)cc2)[C@H]1O,500000.0,inactive
995,CHEMBL28,O=c1cc(-c2ccc(O)cc2)oc2cc(O)cc(O)c12,176200.0,inactive
999,CHEMBL241190,O=C(/C=C/c1ccc(O)c(O)c1)N[C@@H](Cc1ccc(O)c(O)c1)C(=O)O,5700.0,intermediate
1000,CHEMBL4127947,O=C(/C=C/c1ccc(O)cc1)N[C@@H](Cc1ccc(O)c(O)c1)C(=O)O,100000.0,inactive
1001,CHEMBL4126558,O=C(/C=C/c1ccccc1)N[C@@H](Cc1ccc(O)c(O)c1)C(=O)O,22700.0,inactive
1002,CHEMBL4126715,O=C(/C=C/c1ccc(O)c(O)c1)N[C@@H](Cc1ccc(O)cc1)C(=O)O,87800.0,inactive
1003,CHEMBL4129983,O=C(/C=C/c1ccc(O)cc1)N[C@@H](Cc1ccc(O)cc1)C(=O)O,100000.0,inactive
1004,CHEMBL4125745,O=C(/C=C/c1ccccc1)N[C@@H](Cc1ccc(O)cc1)C(=O)O,100000.0,inactive
1005,CHEMBL2392127,O=C(/C=C/c1ccc(O)c(O)c1)N[C@@H](Cc1ccccc1)C(=O)O,72900.0,inactive
1006,CHEMBL4129190,O=C(/C=C/c1ccc(O)cc1)N[C@@H](Cc1ccccc1)C(=O)O,100000.0,inactive
1007,CHEMBL3276007,O=C(/C=C/c1ccccc1)N[C@@H](Cc1ccccc1)C(=O)O,100000.0,inactive
1008,CHEMBL2296789,COC(=O)[C@H](Cc1ccc(O)c(O)c1)NC(=O)/C=C/c1ccc(O)c(O)c1,4900.0,intermediate
1009,CHEMBL115421,O=C(/C=C/c1ccc(O)c(O)c1)N[C@H](Cc1ccc(O)c(O)c1)C(=O)O,1600.0,intermediate
1010,CHEMBL4126073,COC(=O)[C@H](Cc1ccc(OC)c(OC)c1)NC(=O)/C=C/c1ccc(OC)c(OC)c1,100000.0,inactive
1011,CHEMBL4127090,O=C(CCc1ccc(O)c(O)c1)N[C@@H](Cc1ccc(O)c(O)c1)C(=O)O,8700.0,intermediate
1012,CHEMBL181529,COc1cc(/C=C/c2cc(/C=C/c3ccc(O)c(OC)c3)on2)ccc1O,138.0,active
1015,CHEMBL4166095,O=C(/C=C/c1ccc(O)c(O)c1)c1cccnc1,9000.0,intermediate
1019,CHEMBL32749,COc1cc(/C=C/C(=O)O)ccc1O,100000.0,inactive
1020,CHEMBL98521,O=C(O)/C=C/c1cccc(O)c1,100000.0,inactive
1021,CHEMBL32823,c1ccc2c(NCCCCCCCNc3c4c(nc5ccccc35)CCCC4)c3c(nc2c1)CCCC3,8400.0,intermediate
1022,CHEMBL4175715,C=CCOC(=S)/C=C/c1ccc(O)c(O)c1,12500.0,inactive
1023,CHEMBL4176742,Cc1cc(N2CCN(c3nc(Cl)nc(Nc4cccc(C(F)(F)F)c4)n3)CC2)n2ncnc2n1,10430.0,inactive
1024,CHEMBL4172159,COc1ccc(Nc2nc(Cl)nc(N3CCN(c4cc(C)nc5ncnn45)CC3)n2)cc1,11550.0,inactive
1025,CHEMBL4161552,Cc1cc(N2CCN(c3nc(Cl)nc(Nc4ccc(F)cc4)n3)CC2)n2ncnc2n1,15890.0,inactive
1026,CHEMBL4168812,Cc1cc(N2CCN(c3nc(Cl)nc(Nc4ccccc4F)n3)CC2)n2ncnc2n1,13400.0,inactive
1029,CHEMBL4173299,Cc1cc(N2CCN(c3nc(Nc4cccc(C(F)(F)F)c4)nc(Nc4ccc(F)c(Cl)c4)n3)CC2)n2ncnc2n1,16290.0,inactive
1030,CHEMBL4161947,Cc1cc(N2CCN(c3nc(Nc4ccc(F)cc4)nc(Nc4cccc(C(F)(F)F)c4)n3)CC2)n2ncnc2n1,18310.0,inactive
1031,CHEMBL4169871,Cc1ccc(Nc2nc(Nc3ccc(F)c(Cl)c3)nc(N3CCN(c4cc(C)nc5ncnn45)CC3)n2)cc1,25000.0,inactive
1032,CHEMBL4167322,FC(F)(F)c1cccc(Nc2nc(NC3CC3)nc(N3CCNCC3)n2)c1,23540.0,inactive
1033,CHEMBL4175196,Fc1ccc(Nc2nc(Cl)nc(Nc3cccc(C(F)(F)F)c3)n2)c(F)c1,17850.0,inactive
1034,CHEMBL4170265,Fc1ccc(Nc2nc(Cl)nc(Nc3cccc(C(F)(F)F)c3)n2)cc1,18550.0,inactive
1035,CHEMBL4162346,Cc1ccc(Nc2nc(Cl)nc(Nc3cccc(C(F)(F)F)c3)n2)cc1,20720.0,inactive
1036,CHEMBL4166865,COc1ccc(Nc2nc(Cl)nc(Nc3cccc(C(F)(F)F)c3)n2)cc1,17600.0,inactive
1038,CHEMBL4163412,Cc1ccc(Nc2nc(Cl)nc(Nc3ccc(F)c(Cl)c3)n2)cc1,18050.0,inactive
1039,CHEMBL4174114,COc1ccc(Nc2nc(Cl)nc(Nc3ccc(F)c(Cl)c3)n2)cc1,23800.0,inactive
1041,CHEMBL4176559,COc1ccc(Cn2cc(CNC(=O)[C@@H](C)CC[C@H]3O[C@H]4C[C@H]5[C@@H]6CC[C@@H]7C[C@@H](OCc8ccccc8)CC[C@]7(C)[C@H]6CC[C@]5(C)[C@H]4[C@@H]3C)nn2)cc1,5840.0,intermediate
1042,CHEMBL4161849,C[C@@H](CC[C@H]1O[C@H]2C[C@H]3[C@@H]4CC[C@@H]5C[C@@H](OCc6ccccc6)CC[C@]5(C)[C@H]4CC[C@]3(C)[C@H]2[C@@H]1C)C(=O)NCc1cn(Cc2cscn2)nn1,8280.0,intermediate
1043,CHEMBL1171146,C[C@H]1CC[C@@]2(OC1)O[C@H]1C[C@H]3[C@@H]4CC[C@@H]5C[C@@H](O)CC[C@]5(C)[C@H]4CC[C@]3(C)[C@H]1[C@@H]2C,100000.0,inactive
1046,CHEMBL4217978,COc1cc(/C=C/C(=O)Oc2cc(O)c3c(c2)O[C@H](c2ccc4c(c2)O[C@@H](c2ccc(O)c(OC)c2)[C@H](CO)O4)[C@@H](O)C3=O)ccc1O,43600.0,inactive
1047,CHEMBL4207221,COc1cc(/C=C/C(=O)Oc2cc(O)c3c(c2)O[C@H](c2ccc4c(c2)O[C@H](c2ccc(O)c(OC)c2)[C@@H](CO)O4)[C@@H](O)C3=O)ccc1O,85500.0,inactive
1048,CHEMBL76,CCN(CC)CCCC(C)Nc1ccnc2cc(Cl)ccc12,7000.0,intermediate
1049,CHEMBL682,CCN(CC)Cc1cc(Nc2ccnc3cc(Cl)ccc23)ccc1O,4000.0,intermediate
1050,CHEMBL138623,CCN(CC)Cc1cccc(Nc2ccnc3cc(Cl)ccc23)c1,4500.0,intermediate
1051,CHEMBL317760,CCN(CC)Cc1cc(NC(=O)CN2CCCCC2)cc(Nc2ccnc3cc(Cl)ccc23)c1,1500.0,intermediate
1052,CHEMBL451753,CCN(CC)Cc1cc(NCCN2CCCCC2)cc(Nc2ccnc3cc(Cl)ccc23)c1,10000.0,inactive
1053,CHEMBL94521,O=C(CN1CCCCC1)Nc1cc(CN2CCOCC2)cc(Nc2ccnc3cc(Cl)ccc23)c1,3100.0,intermediate
1054,CHEMBL4227472,Clc1ccc2c(Nc3cc(CN4CCOCC4)cc(NCCN4CCCCC4)c3)ccnc2c1,2500.0,intermediate
1055,CHEMBL97247,CN(C)CCN(C)Cc1cc(NC(=O)CN2CCCCC2)cc(Nc2ccnc3cc(Cl)ccc23)c1,1700.0,intermediate
1056,CHEMBL319756,CN(C)CCNCc1cc(NC(=O)CN2CCCCC2)cc(Nc2ccnc3cc(Cl)ccc23)c1,2000.0,intermediate
1057,CHEMBL167970,Oc1c(CN2CCCC2)cc(Nc2ccnc3cc(Cl)ccc23)cc1CN1CCCC1,5100.0,intermediate
1058,CHEMBL4226945,CN1CCN(c2cc(Nc3ccnc4cc(Cl)ccc34)cc(N3CCN(C)CC3)c2)CC1,2300.0,intermediate
1059,CHEMBL4226951,O=C(NCCN1CCCCC1)c1cc(Nc2ccccc2CN2CCCCC2)cc(C(=O)NCCN2CCCCC2)c1,4100.0,intermediate
1060,CHEMBL4226684,O=C(NCCN1CCCCC1)c1cc(Nc2ccccc2CN2CCOCC2)cc(C(=O)NCCN2CCCCC2)c1,10000.0,inactive
1061,CHEMBL4225384,CN1CCN(Cc2ccccc2Nc2cc(C(=O)NCCN3CCCCC3)cc(C(=O)NCCN3CCCCC3)c2)CC1,10000.0,inactive
1062,CHEMBL4225842,CN(C)Cc1ccccc1Nc1cc(C(=O)NCCN2CCCCC2)cc(C(=O)NCCN2CCCCC2)c1,8200.0,intermediate
1063,CHEMBL4226025,c1ccc(Nc2cc(CNCCN3CCCCC3)cc(CNCCN3CCCCC3)c2)c(CN2CCCCC2)c1,4600.0,intermediate
1064,CHEMBL4225563,c1ccc(Nc2cc(CNCCN3CCCCC3)cc(CNCCN3CCCCC3)c2)c(CN2CCOCC2)c1,6600.0,intermediate
1065,CHEMBL4226959,CN1CCN(Cc2ccccc2Nc2cc(CNCCN3CCCCC3)cc(CNCCN3CCCCC3)c2)CC1,10000.0,inactive
1066,CHEMBL4226332,CN(C)Cc1ccccc1Nc1cc(CNCCN2CCCCC2)cc(CNCCN2CCCCC2)c1,10000.0,inactive
1067,CHEMBL4228998,O=C(NCCN1CCCCC1)c1cc(C(=O)NCCN2CCCCC2)cc(-c2ccccc2CN2CCCCC2)c1,6200.0,intermediate
1068,CHEMBL4226906,O=C(NCCN1CCCCC1)c1cc(C(=O)NCCN2CCCCC2)cc(-c2ccccc2CN2CCOCC2)c1,10000.0,inactive
1069,CHEMBL4226598,CN1CCN(Cc2ccccc2-c2cc(C(=O)NCCN3CCCCC3)cc(C(=O)NCCN3CCCCC3)c2)CC1,10000.0,inactive
1070,CHEMBL4226641,CN(C)Cc1ccccc1-c1cc(C(=O)NCCN2CCCCC2)cc(C(=O)NCCN2CCCCC2)c1,10000.0,inactive
1071,CHEMBL4227708,c1ccc(-c2cc(CNCCN3CCCCC3)cc(CNCCN3CCCCC3)c2)c(CN2CCCCC2)c1,10000.0,inactive
1072,CHEMBL4227244,c1ccc(-c2cc(CNCCN3CCCCC3)cc(CNCCN3CCCCC3)c2)c(CN2CCOCC2)c1,10000.0,inactive
1073,CHEMBL4226530,CN1CCN(Cc2ccccc2-c2cc(CNCCN3CCCCC3)cc(CNCCN3CCCCC3)c2)CC1,10000.0,inactive
1074,CHEMBL4227963,CN(C)Cc1ccccc1-c1cc(CNCCN2CCCCC2)cc(CNCCN2CCCCC2)c1,10000.0,inactive
1107,CHEMBL4228823,O=C(/C=C/c1ccccc1)N1CCN(Cc2ccc(O)c3ncccc23)CC1,8860.0,intermediate
1109,CHEMBL4226059,COc1ccc(/C=C/C(=O)N2CCN(Cc3ccc(O)c4ncccc34)CC2)cc1OC,18940.0,inactive
1111,CHEMBL4227890,O=C(/C=C/c1ccc(F)cc1)N1CCN(Cc2ccc(O)c3ncccc23)CC1,11440.0,inactive
1113,CHEMBL4227615,O=C(/C=C/c1ccc(F)cc1F)N1CCN(Cc2ccc(O)c3ncccc23)CC1,5050.0,intermediate
1114,CHEMBL4226505,N#Cc1ccc(/C=C/C(=O)N2CCN(Cc3ccc(O)c4ncccc34)CC2)cc1,16810.0,inactive
1115,CHEMBL4227357,O=C(/C=C/c1ccccc1Cl)N1CCN(Cc2ccc(O)c3ncccc23)CC1,7350.0,intermediate
1116,CHEMBL4228027,Cc1ccccc1/C=C/C(=O)N1CCN(Cc2ccc(O)c3ncccc23)CC1,17330.0,inactive
1117,CHEMBL4225226,O=C(/C=C/c1ccc(Cl)cc1)N1CCN(Cc2ccc(O)c3ncccc23)CC1,22550.0,inactive
1118,CHEMBL4225986,O=C(CCc1ccccc1)N1CCN(Cc2ccc(O)c3ncccc23)CC1,19740.0,inactive
1119,CHEMBL4226827,O=C(CCc1ccccc1Cl)N1CCN(Cc2ccc(O)c3ncccc23)CC1,5640.0,intermediate
1122,CHEMBL4226831,COc1ccc(CCC(=O)N2CCN(Cc3ccc(O)c4ncccc34)CC2)cc1,18280.0,inactive
1123,CHEMBL4225989,O=C(CCc1ccc(F)cc1)N1CCN(Cc2ccc(O)c3ncccc23)CC1,20610.0,inactive
1124,CHEMBL194823,O=C(CCCCC1CCSS1)NCCCNc1c2c(nc3cc(Cl)ccc13)CCCC2,45000.0,inactive
1127,CHEMBL4282190,O=c1cc(/C=C/c2cccc(F)c2)occ1O,17680.0,inactive
1128,CHEMBL4294375,CN(C)c1ccc(/C=C/c2cc(=O)c(O)co2)cc1,5920.0,intermediate
1131,CHEMBL4286002,COc1ccccc1/C=C/c1cc(=O)c(O)co1,7930.0,intermediate
1133,CHEMBL4287929,O=c1cc(/C=C/c2ccc(O)cc2)occ1O,7200.0,intermediate
1134,CHEMBL4284208,O=c1cc(/C=C/c2ccccc2O)occ1O,8290.0,intermediate
1135,CHEMBL4294830,O=c1cc(/C=C/c2cc(O)cc(O)c2)occ1O,17950.0,inactive
1139,CHEMBL197478,O=C(/C=C/c1ccc(O)c(O)c1)NCCCNC(=O)/C=C/c1ccc(O)c(O)c1,4200.0,intermediate
